Estado;Observaciones;Equipo 1;Resultado;Equipo 2;Árbitros;Fecha;Hora;Lugar;Jornada;Grupo;Estado de la competición;Competición;Deporte
;;F.S. La Salut;5 - 2;C.E.F.S. Granollers C;LAUREANO PILAR VILLALBA- NICOLAS ANDRES VALBUENA TORRES;13/04/2018;22:00;PavellÓ Municipal De Can Bassa;Jornada 19;1a Territorial B;;03. 1a Territorial 2017-2018;Fútbol sala
;;Betània Patmos Barcelona Cadet;3 - 6;Neurofutbol F.S.;CRISTIANO RODI;14/04/2018;10:00;Escola Betània Patmos- Carrer de Montevideo- Barcelona- Espanya;Jornada 17;"Cadet ""B""";;08. Cadet;Fútbol sala
;;"Escola de Futsal Grèvol Cadet ""A""";7 - 1;Montsant Sala 5 Cadet;LAURA PUCHE BARRANQUERO;14/04/2018;10:00;Pavelló Grèvol- Carrer Provençals- 9 Barcelona;Jornada 17;"Cadet ""B""";;08. Cadet;Fútbol sala
;;F.S Union La Salut Badalona A;5 - 3;Sagrerenc C.E. B;JOSE MANUEL GÜISADO PLIBERSCHNIG- MATILDE GOMEZ VIÑARAS;14/04/2018;10:00;CEM Besòs Ronda Sant Ramon de Penyafort s/n 08930 SAnt Adrià de Besòs;Jornada 20;1a Territorial B;;03. 1a Territorial 2017-2018;Fútbol sala
;;"Escola Pia Santa Anna Mataró Infantil ""B""";2 - 5;"F.S. Union Llagostense Mecman Infantil ""B""";DAVID VALIENTE MARTIN;14/04/2018;10:15;Escola Pia Santa Anna Mataró- Carrer de Sant Agustí- Mataró- Espanya;Jornada 17;"Infantil ""B""";;09. Infantil;Fútbol sala
;;Ivars d'Urgell F.S.F.;0 - 3;Futbol Sala Femení Vila-Sana;LLUIS GONZALEZ BEAS;14/04/2018;11:00;PAVELLÓ POLIESPORTIU IVARS D'URGELL;Jornada 17;Nacional Femenina B;;05. Nacional Femenina;Fútbol sala
;;Betania F.S.Juvenil;6 - 3;C.F.S. La Garriga Juvenil A;ALBERT GONZALEZ GARCIA;14/04/2018;11:00;Trinitat Vella Centre Esportiu Municipal;Jornada 17;"Juvenil ""B""";;07. Juvenil;Fútbol sala
;;Sagrerenc C.E.Infantil;2 - 4;"Escola Pia Santa Anna Mataró Infantil ""A""";ISMAEL BENKHAJOU BAKKALI;14/04/2018;11:30;Poliesportiu Municipal La Sagrera - C/Honduras- 2 Barcelona;Jornada 17;"Infantil ""A""";;09. Infantil;Fútbol sala
;;A.E. Sallent Infantil;3 - 1;"F.S. Esclop Infantil ""B""";JORDI GAITX PLA;14/04/2018;12:15;Pavelló D'esports Agustín Rueda de Sallent- C/verge del Pilar s/n;Jornada 17;"Infantil ""A""";;09. Infantil;Fútbol sala
;;"Escola de Futsal Grèvol Infantil ""B""";2 - 7;"Escola de Futsal Grèvol Infantil ""A""";LAURA PUCHE BARRANQUERO;14/04/2018;12:20;Pavelló Grèvol- Carrer Provençals- 9 Barcelona;Jornada 17;"Infantil ""A""";;09. Infantil;Fútbol sala
;;Sagrerenc C.E. Juvenil B;2 - 2;F.S. Hostalriquenc Juvenil;ISMAEL BENKHAJOU BAKKALI;14/04/2018;12:30;Poliesportiu Municipal La Sagrera - C/Honduras- 2 Barcelona;Jornada 17;"Juvenil ""A""";;07. Juvenil;Fútbol sala
;;A.E. Centelles Aleví;1 - 8;"Olimpic Argentona Aleví ""A""";RICARD MARQUEZ SIMONI;14/04/2018;12:30;Pavello Mpal de Centelles;Jornada 17;"Aleví ""A""";;10. Aleví;Fútbol sala
;;A.E. Sallent Aleví;7 - 4;C.E. Maristes De Rubí Aleví B;JORDI GAITX PLA;14/04/2018;13:30;Pavelló D'esports Agustín Rueda de Sallent- C/verge del Pilar s/n;Jornada 17;"Aleví ""A""";;10. Aleví;Fútbol sala
;;"F.S. Union Llagostense Mecman Infantil ""A""""";3 - 1;Teià F5 Infantil;JOEL JIMENEZ RODRIGUEZ;14/04/2018;13:45;Complex esportiu municipal El Turó- Carrer de Joaquim Blume- La Llagosta- Espanya;Jornada 17;"Infantil ""A""";;09. Infantil;Fútbol sala
;;Celler de l' Arnau;1 - 0;Jovents Balaguer;FRANCISCO JUAN INGLES PAREJA;14/04/2018;15:00;BALAGUER POLIESPORTIU CARRER URGELL;Jornada 17;Nacional Femenina B;;05. Nacional Femenina;Fútbol sala
;;Futsal Cassà;3 - 6;E.F.S. Ripoll B Sant Pau de Segúries;FRANCESC ALBARRAN PIZARRO- SERGI ALBARRAN RINCON;14/04/2018;15:30;PavellÓ Tres Pistes;Jornada 17;2a. Territorial C;;04. 2ª Territorial 2017-2018;Fútbol sala
;;F.s. Borges Femení;4 - 2;Alcarràs - Fraga Futsal;OSCAR CRUZ OSUNA;14/04/2018;15:30;PAVELLO MUNICIPAL DE LES BORGES BLANQUES;Jornada 17;Nacional Femenina B;;05. Nacional Femenina;Fútbol sala
;;F.s. Unión Llagostense MecMan Juvenil Nacional;3 - 2;A.C. Coloso Juvenil Nacional;JOEL JIMENEZ RODRIGUEZ- SAMUEL SERRANO MATA;14/04/2018;16:00;Complex esportiu municipal El Turó- Carrer de Joaquim Blume- La Llagosta- Espanya;Jornada 5;Juvenil Nacional;;06. Juvenil Nacional;Fútbol sala
;;F.C. Ivars De Noguera;5 - 1;Gela;ELI GASCÓN PEREIRO- GERMAN MARTIN FERNANDEZ;14/04/2018;16:00;Zona Esportiva Municipal Carrer Professor Gimeno- 1- 25122 Ivars de Noguera- Lleida;Jornada 17;1a Territorial D;;03. 1a Territorial 2017-2018;Fútbol sala
;;E.F.S. Alta Segarra Femení;1 - 6;FS Vinaixa Femeni;HAFID AIKAR EL MIRI;14/04/2018;16:00;Pavelló Municipal De Calaf;Jornada 17;Nacional Femenina B;;05. Nacional Femenina;Fútbol sala
;;Futbol Sala Corbera Juvenil;2 - 5;Athletic Torre Roja Juvenil;DOMENEC FOLGUERA AMPURDANES;14/04/2018;16:00;Pabellón Municipal de Deportes- C/Josep Tarradellas- 08757 Corbera de Llobregat;Jornada 17;"Juvenil ""B""";;07. Juvenil;Fútbol sala
;;C.E.F.S. Granollers Cadet;3 - 6;C.E. Maristes De Rubí Cadet;MIQUEL VILASECA BARRUFET;14/04/2018;16:00;PavellÓ Municipal De Can Bassa;Jornada 17;"Cadet ""B""";;08. Cadet;Fútbol sala
;;C.E. Maristes De Rubí Aleví A;13 - 2;F.S. Esclop Aleví;MARI CARMEN DELGADO MORALES;14/04/2018;16:00;Pavello Maristes de Rubi- magallanes 65 Rubi;Jornada 17;"Aleví ""A""";;10. Aleví;Fútbol sala
;;C.D Esmeralda Procell F.s.;11 - 4;"Athletic Arrahona - Can Jonqueres ""A""";DAVID GALLARDO BARÓ- MARCO ANTONIO GALLARDO BARÓ;14/04/2018;16:00;Poliesportiu de Canyamars CamÍ del Forn- 10- 08318 Dosrius- Barcelona;Jornada 20;1a Territorial A;;03. 1a Territorial 2017-2018;Fútbol sala
;;"Padre Damián Sagrados Corazones ""B""";4 - 3;CFS Ibers Santa Coloma;JOSE MANUEL GÜISADO PLIBERSCHNIG- MATILDE GOMEZ VIÑARAS;14/04/2018;16:00;Poliesportiu Padre Damián Sagrados Corazones;Jornada 20;1a Territorial B;;03. 1a Territorial 2017-2018;Fútbol sala
;;"Gelida Industrial F.S.C. ""A""";4 - 2;A.E.F.S. Montgat;ADRIA VENTEO GONZÁLEZ- JOAN RAMON BERNARDO MAÑÉ- JONATHAN GALVIS ARANGO;14/04/2018;16:15;Pavelló Municipal d'Esports de Gelida;Jornada 20;PRIMERA NACIONAL 2017-18;;02. Primera Nacional 2017-2018;Fútbol sala
;;Athletic Aguilar A;7 - 4;"Club Futsal Alcarràs ""B""";ADRIA VENTEO GONZÁLEZ- JONATHAN GALVIS ARANGO;14/04/2018;16:30;Zona Esportiva - Aguilar de Segarra;Jornada 17;1a Territorial D;;03. 1a Territorial 2017-2018;Fútbol sala
;;"F.S. Telic Group Bigues i Riells Juvenil ""A""";3 - 1;A.E. Sallent Juvenil;CARLOS GÓMEZ GONZÁLEZ;14/04/2018;16:30;Pavellon Can Badell- Avinguda Prat de la Riba- Bigues i Riells- Espanya;Jornada 17;"Juvenil ""A""";;07. Juvenil;Fútbol sala
;;Atletic Arrahona B;2 - 1;Futbol Sala Colomense;LAUREANO PILAR VILLALBA;14/04/2018;16:30;Pavelló esports c/ sol i padris- 59 08203 Sabadell;Jornada 23;2a. Territorial A;;04. 2ª Territorial 2017-2018;Fútbol sala
;;Ca La Guidó Futsal;5 - 9;Atlètic Vidreres;KEVIN ORTIZ MONGE- MIGUEL ANGEL MONGE PEREZ;14/04/2018;17:00;Ciutat Esportiva Blanes- Blanes- Espanya;Jornada 17;1ª Territorial C;;03. 1a Territorial 2017-2018;Fútbol sala
;;C.F.S. Ponts;8 - 3;F.S.R. Massoteres - Sant Guim de la Plana;DAVID MACARULLA CASTAÑEDA;14/04/2018;17:00;PONTS PAVELLÓ MUNICIPAL;Jornada 17;2a Territorial D;;04. 2ª Territorial 2017-2018;Fútbol sala
;;C.F.S. La Garriga Aleví;5 - 2;Sagrerenc C.E. Aleví;OMAR DOUAS BERROHOUY;14/04/2018;17:00;Can Violí- Avinguda 11 de Setembre- s/n- 08530 La Garriga- Barcelona;Jornada 17;"Aleví ""A""";;10. Aleví;Fútbol sala
;;Sagrerenc C.E. A;7 - 5;C.E.F.S. Granollers;ANTONIO RUIZ MANCHON- DAVID VALIENTE MARTIN- MARC MIRON RUIZ;14/04/2018;17:00;Poliesportiu Municipal La Sagrera - C/Honduras- 2 Barcelona;Jornada 20;NACIONAL CATALANA 2017-18;;01. Nacional Catalana 2017-2018;Fútbol sala
;;C.E. Orange Papiol;1 - 1;C.f.s. Alcalà Prat - Bar La Terraza;JOSE PEDRO CASES FERNANDEZ- MARIANO BENITO HERRERO- MOUAD HADDADI HARNAFI;14/04/2018;17:00;PavellÓ Poliesportiu Municipal El Papiol;Jornada 20;PRIMERA NACIONAL 2017-18;;02. Primera Nacional 2017-2018;Fútbol sala
;;A.E. Tiana B;4 - 3;"Padre Damián Sagrados Corazones ""C""";ISMAEL BENKHAJOU BAKKALI;14/04/2018;17:00;Poliesportiu Municipal De Tiana;Jornada 23;2a. Territorial A;;04. 2ª Territorial 2017-2018;Fútbol sala
;;C.E.F.S. Granollers Pre-benjamí;7 - 2;Sagrerenc C.E. Pre-benjamí;MIQUEL VILASECA BARRUFET;14/04/2018;17:30;PavellÓ Municipal De Can Bassa;Jornada 6;Pre-benjami Copa;;12. Pre-benjami;Fútbol sala
;;Mestre D Aixa U.a. Tossa;4 - 3;Atlètic Vidreres B;FRANCESC ALBARRAN PIZARRO- SERGI ALBARRAN RINCON;14/04/2018;17:30;PAVELLÓ MUNICIPAL D'ESPORTS DE TOSSA;Jornada 17;2a. Territorial C;;04. 2ª Territorial 2017-2018;Fútbol sala
;;F.S. Unión Llagostense MecMan;2 - 1;A.E. Tiana;ISMAEL CHAMERO RIVERO- JOEL JIMENEZ RODRIGUEZ- SAMUEL SERRANO MATA;14/04/2018;17:30;Complex esportiu municipal El Turó- Carrer de Joaquim Blume- La Llagosta- Espanya;Jornada 20;NACIONAL CATALANA 2017-18;;01. Nacional Catalana 2017-2018;Fútbol sala
;;Escola Pia Santa Anna Mataró;7 - 3;C.F.S. Lliça De Vall;CARLOS ARANDA PORTILLO- GABRIEL MORALES CAÑAS- ROGER TORRENT ARNAU;14/04/2018;17:30;Escola Pia Santa Anna Mataró- Carrer de Sant Agustí- Mataró- Espanya;Jornada 20;PRIMERA NACIONAL 2017-18;;02. Primera Nacional 2017-2018;Fútbol sala
;;Futsal Cadaqués;8 - 4;F.S. Hostalriquenc;DANIEL MORENO LEON- FERRAN RUIZ MEDINA;14/04/2018;18:00;Pavelló Municipal de Cadaqués- Cadaqués- Espanya;Jornada 17;1ª Territorial C;;03. 1a Territorial 2017-2018;Fútbol sala
;;Joves de Vidreres C.F.S.;8 - 0;Club Futbol Sala Guíxols;GABINO FERNÁNDEZ SEGURA- LLUIS SANCHEZ GARCIA;14/04/2018;18:00;Pavelló d'Esports Vidreres Carrer Lloret- 2- 17411 Vidreres- Girona;Jornada 17;1ª Territorial C;;03. 1a Territorial 2017-2018;Fútbol sala
;;C.f.s. Alfarràs;3 - 3;Bar Passadis Dynamo Cervera F.s.;ELI GASCÓN PEREIRO- GERMAN MARTIN FERNANDEZ;14/04/2018;18:00;Pavello De Alfarras C/ Sisquella s/n Alfarràs;Jornada 17;1a Territorial D;;03. 1a Territorial 2017-2018;Fútbol sala
;;C.C.A. Plaza Macael Juvenil;5 - 0;C.E. Maristes De Rubí Juvenil;DOMENEC FOLGUERA AMPURDANES;14/04/2018;18:00;Polideportivo Can Vidalet- Esplugues de Llobregat- Espanya;Jornada 17;"Juvenil ""B""";;07. Juvenil;Fútbol sala
;;C.F.S. La Garriga Infantil;1 - 2;F.S. Llinars Infantil;OMAR DOUAS BERROHOUY;14/04/2018;18:00;Can Violí- Avinguda 11 de Setembre- s/n- 08530 La Garriga- Barcelona;Jornada 17;"Infantil ""B""";;09. Infantil;Fútbol sala
;;Padre Damian Sagrados Corazones;5 - 1;Futsal Dante;JOSE RIZO GOMEZ- MARI CARMEN DELGADO MORALES- MATILDE GOMEZ VIÑARAS;14/04/2018;18:00;Poliesportiu Padre Damián Sagrados Corazones;Jornada 20;NACIONAL CATALANA 2017-18;;01. Nacional Catalana 2017-2018;Fútbol sala
;;E.F.S. Ripoll;3 - 1;Betània Patmos Barcelona;JORDI GAITX PLA- OSCAR KEVIN GUTIERREZ GUTIERREZ- RICARD MARQUEZ SIMONI;14/04/2018;18:30;Centre de Tecnificació Esportiva l'Avellaneda- Ripoll- Espanya;Jornada 20;NACIONAL CATALANA 2017-18;;01. Nacional Catalana 2017-2018;Fútbol sala
;;Betis Catalunya F.S.;7 - 1;CFS Sagrada Familia;ALBERTO IGLESIAS PALOMARES- JOSE MANUEL GÜISADO PLIBERSCHNIG;14/04/2018;18:30;Poliesportiu Bon Pastor;Jornada 20;1a Territorial B;;03. 1a Territorial 2017-2018;Fútbol sala
;;"F.S. Borges ""B""";3 - 1;Oli Les Cabanes Juncosa F.S.;ELI GASCÓN PEREIRO- OSCAR CRUZ OSUNA;14/04/2018;19:00;PAVELLO MUNICIPAL DE LES BORGES BLANQUES;Jornada 17;1a Territorial D;;03. 1a Territorial 2017-2018;Fútbol sala
;;Peramola F.s.;0 - 6;C.E.F.S. Fonollosa;DAVID MACARULLA CASTAÑEDA;14/04/2018;19:00;Poliesportiu Oliana;Jornada 17;2a Territorial D;;04. 2ª Territorial 2017-2018;Fútbol sala
;;"Orange Futsal Castellbisbal ""B"" - Nacional Femenina";0 - 5;C.e. Gadex Femení;;14/04/2018;19:00;PavellÓ Poliesportiu Municipal El Papiol;Jornada 17;Nacional Femenina A;;05. Nacional Femenina;Fútbol sala
;;Futbol Sala Femeni Lloret de Mar;0 - 16;"Pony´s Futbol Sala ""A""";FRANCESC CARNICAS LOPEZ- FRANCISCO JAVIER SANGUINO BLANQUIÑO;14/04/2018;19:00;Poliesportiu El MolÍ;Jornada 17;Nacional Femenina A;;05. Nacional Femenina;Fútbol sala
;;A.E. Moià Infantil;3 - 12;C.F.S. Alcalà Prat - Bar La Terraza Infantil;LAUREANO PILAR VILLALBA;14/04/2018;19:00;Pavelló Municipal d'Esports- Moià- Espanya;Jornada 17;"Infantil ""B""";;09. Infantil;Fútbol sala
;;C.E.F.S. Granollers C;1 - 3;Penya Recreativa Sant Feliu de Llobregat;DAVID GALLARDO BARÓ- MARCO ANTONIO GALLARDO BARÓ;14/04/2018;19:00;PavellÓ Municipal De Can Bassa;Jornada 20;1a Territorial B;;03. 1a Territorial 2017-2018;Fútbol sala
;;Albelda Futsal;10 - 4;A.E. Les Botigues De Sitges;ELI GASCÓN PEREIRO- FRANCISCO JUAN INGLES PAREJA- LLUIS GONZALEZ BEAS;14/04/2018;19:00;Poliesportiu Municipal Tamarite de Litera- Camino Piscinas- 6 - Tamarite de Litera;Jornada 20;PRIMERA NACIONAL 2017-18;;02. Primera Nacional 2017-2018;Fútbol sala
;;F.s. Unión Llagostense MecMan B;1 - 1;Teià Futbol Cinc;ISMAEL CHAMERO RIVERO- JOEL JIMENEZ RODRIGUEZ- SAMUEL SERRANO MATA;14/04/2018;19:00;Complex esportiu municipal El Turó- Carrer de Joaquim Blume- La Llagosta- Espanya;Jornada 20;PRIMERA NACIONAL 2017-18;;02. Primera Nacional 2017-2018;Fútbol sala
;;E.F.S. Alta Segarra;2 - 3;"Montsant Sala 5 ""A""";ADRIA VENTEO GONZÁLEZ- JOAN RAMON BERNARDO MAÑÉ- JONATHAN GALVIS ARANGO;14/04/2018;19:30;Pavelló Municipal De Calaf;Jornada 20;NACIONAL CATALANA 2017-18;;01. Nacional Catalana 2017-2018;Fútbol sala
;;C.C.A. Plaza Macael B;0 - 2;Sants Atletic F.S.;DOMENEC FOLGUERA AMPURDANES- ELVIA ELOISA CARDENAS RAMOS;14/04/2018;19:30;Polideportivo Can Vidalet- Esplugues de Llobregat- Espanya;Jornada 20;1a Territorial B;;03. 1a Territorial 2017-2018;Fútbol sala
;;Restaurant 2007 La Fuliola;3 - 3;Futsal Bellmunt;GERMAN MARTIN FERNANDEZ;14/04/2018;19:59;Pista de les Escoles- cami de boldu s/n- 25332 La Fuliola;Jornada 17;2a Territorial D;;04. 2ª Territorial 2017-2018;Fútbol sala
;;F.S. Union Llagostense Mecman Cadet;2 - 8;A.E. Moià Cadet;ISMAEL BENKHAJOU BAKKALI;15/04/2018;10:45;Complex esportiu municipal El Turó- Carrer de Joaquim Blume- La Llagosta- Espanya;Jornada 17;"Cadet ""A""";;08. Cadet;Fútbol sala
;;F.S. Llinars Atletic Aleví;2 - 6;"Olimpic Argentona Aleví ""B""";BILAL ARROUCHDI;15/04/2018;10:45;Pavelló annex de Llinars del Vallès - Av. Pau Casals- 22-24- 08450 Llinars del Vallès- Barcelona;Jornada 17;"Aleví ""A""";;10. Aleví;Fútbol sala
;;Olímpic Argentona Cadet;9 - 3;Sagrerenc C.E. Cadet A;MIQUEL VILASECA BARRUFET;15/04/2018;11:00;Pavelló Municipal d' Argentona;Jornada 17;"Cadet ""A""";;08. Cadet;Fútbol sala
;;"Futsal Dante ""B""";5 - 7;A.C.E. Sansur B;JOAN GIBERT REY- JOEL JIMENEZ RODRIGUEZ;15/04/2018;11:30;pavelló de Parque de la Creueta del Coll- Passeig de la Mare de Déu del Coll- Barcelona- España;Jornada 20;1a Territorial B;;03. 1a Territorial 2017-2018;Fútbol sala
;;"F.S. Esclop Infantil ""A""";16 - 0;"Escola Pia Santa Anna Mataró Infantil ""C""";MARIANO BURGOS BONAVENTURA;15/04/2018;12:00;Col·legi Públic Gaudí- Carrer d'Ordesa- Sabadell- Espanya;Jornada 17;"Infantil ""B""";;09. Infantil;Fútbol sala
;;F.S. Llinars Aleví;4 - 4;A.E. Moià Aleví;PABLO GARCIA LLUBIA;15/04/2018;12:00;Pavelló annex de Llinars del Vallès - Av. Pau Casals- 22-24- 08450 Llinars del Vallès- Barcelona;Jornada 17;"Aleví ""A""";;10. Aleví;Fútbol sala
;;C.E.F.S. Granollers B;1 - 1;F.S. Racing Llavaneres;CRISTIANO RODI- PAOLO FORTUNATI RUBEIS;15/04/2018;12:00;Pavello Municipal El Parquet carrer lluis companys- 10 08401 granollers;Jornada 20;1a Territorial A;;03. 1a Territorial 2017-2018;Fútbol sala
;;"Olímpic Argentona ""B""";0 - 3;Futbol Sala Corbera;MIQUEL VILASECA BARRUFET;15/04/2018;12:00;Pavelló Municipal d' Argentona;Jornada 23;2a. Territorial A;;04. 2ª Territorial 2017-2018;Fútbol sala
;;C.F.S. Inter Raudovan Hospitalet;3 - 1;Olímpic Argentona;ALBERTO IGLESIAS PALOMARES- CARLOS GÓMEZ GONZÁLEZ;15/04/2018;12:15;Poliesportiu Zal Barcelona BCN- Carrer de la Mar Roja- Barcelona- España;Jornada 20;1a Territorial A;;03. 1a Territorial 2017-2018;Fútbol sala
;;"F.S. Esclop Juvenil ""B""";3 - 0;Montsant Sala 5 Juvenil;DAVID VALIENTE MARTIN;15/04/2018;12:30;Pavelló esports c/ sol i padris- 59 08203 Sabadell;Jornada 17;"Juvenil ""B""";;07. Juvenil;Fútbol sala
;;Teià Futbol Cinc B;3 - 3;Escola Pia Santa Anna Mataró B;ANTONIO RUIZ MANCHON- MARC MIRON RUIZ;15/04/2018;12:30;Poliesportiu Municipal El Cim- Carrer Josep Puigoriol s/n- Teià;Jornada 20;1a Territorial A;;03. 1a Territorial 2017-2018;Fútbol sala
;;Futsal Dante Cadet;4 - 4;"Escola de Futsal Grèvol Cadet ""B""";JOAN GIBERT REY;15/04/2018;13:15;pavelló de Parque de la Creueta del Coll- Passeig de la Mare de Déu del Coll- Barcelona- España;Jornada 17;"Cadet ""B""";;08. Cadet;Fútbol sala
;;"F.s. Hostalriquenc ""B""";-;Club futbol sala Santa Cristina;FRANCESC CARNICAS LOPEZ- FRANCISCO JAVIER SANGUINO BLANQUIÑO;15/04/2018;16:00;Pavelló Municipal d' Hostalric;Jornada 17;2a. Territorial C;;04. 2ª Territorial 2017-2018;Fútbol sala
;;F.S. Llinars Cadet;1 - 4;A.E. Tiana Cadet;DAVID VALIENTE MARTIN;15/04/2018;17:00;Pavelló annex de Llinars del Vallès - Av. Pau Casals- 22-24- 08450 Llinars del Vallès- Barcelona;Jornada 17;"Cadet ""A""";;08. Cadet;Fútbol sala
;;F.S. Begues;3 - 4;F.S. Tèlic Group Bigues i Riells;CARLOS GÓMEZ GONZÁLEZ- JOSE RIZO GOMEZ- MIQUEL VILASECA BARRUFET;15/04/2018;17:00;Pavello Jaume Viñas Pi Club de Futbol Begues Carrer dels Esports- s/n 08859 Begues;Jornada 20;PRIMERA NACIONAL 2017-18;;02. Primera Nacional 2017-2018;Fútbol sala
;;F.S. Llinars Juvenil;6 - 4;Olimpic Argentona Juvenil;PABLO GARCIA LLUBIA;15/04/2018;18:15;Pavelló annex de Llinars del Vallès - Av. Pau Casals- 22-24- 08450 Llinars del Vallès- Barcelona;Jornada 17;"Juvenil ""A""";;07. Juvenil;Fútbol sala
;;Betis Catalunya F.S. B;5 - 3;Atlètic Sant Boi;ADRIA VENTEO GONZÁLEZ;15/04/2018;18:45;Poliesportiu Bon Pastor;Jornada 23;2a. Territorial A;;04. 2ª Territorial 2017-2018;Fútbol sala
;;Athletic Torre Roja;2 - 2;F.S. La Salut;DOMENEC FOLGUERA AMPURDANES- ELVIA ELOISA CARDENAS RAMOS;15/04/2018;19:15;Avinguda dels Germans Gabrielistes- 16- Viladecans- Espanya;Jornada 20;1a Territorial B;;03. 1a Territorial 2017-2018;Fútbol sala
;;F.S. Llinars Senior Femeni;2 - 1;A.E. Tiana Nacional Femenina;DAVID VALIENTE MARTIN- PABLO GARCIA LLUBIA;15/04/2018;19:30;Pavelló annex de Llinars del Vallès - Av. Pau Casals- 22-24- 08450 Llinars del Vallès- Barcelona;Jornada 17;Nacional Femenina A;;05. Nacional Femenina;Fútbol sala
;;C.E. Orange Papiol Femení;4 - 8;A.E. I.E.S. Manuel Blancafort;CRISTIANO RODI- PAOLO FORTUNATI RUBEIS;15/04/2018;19:50;PavellÓ Poliesportiu Municipal El Papiol;Jornada 17;Nacional Femenina A;;05. Nacional Femenina;Fútbol sala
;;P.B. Montgrí;4 - 3;Vilobí F.S.;FRANCESC ALBARRAN PIZARRO- SERGI ALBARRAN RINCON;15/04/2018;19:59;PavellÓ Municipal De Torroella De MontgrÍ;Jornada 17;2a. Territorial C;;04. 2ª Territorial 2017-2018;Fútbol sala
;;C.F.S. Clot A;0 - 1;F.s. Borges;DAVID GUILLÉN CUELLAR- MARCO ANTONIO GALLARDO BARÓ- MATILDE GOMEZ VIÑARAS;15/04/2018;20:00;CEM Bac de Roda- Rambla de Guipúscoa- Barcelona- Espanya;Jornada 20;NACIONAL CATALANA 2017-18;;01. Nacional Catalana 2017-2018;Fútbol sala
;;Futsal Maçanet;5 - 4;CEFS Begur;FRANCISCO JAVIER SANGUINO BLANQUIÑO- JOAQUIM BRUGUES TURRO;15/04/2018;20:30;Pavelló Municipal Maçanet de la Selva;Jornada 17;2a. Territorial C;;04. 2ª Territorial 2017-2018;Fútbol sala
;;A.E.F.S. Montgat;0 - 3;Albelda Futsal;JOAN GIBERT REY- JONATHAN GALVIS ARANGO- JOSE RIZO GOMEZ;17/04/2018;21:00;Pavelló Municipal De Montgat;Jornada 19;PRIMERA NACIONAL 2017-18;;02. Primera Nacional 2017-2018;Fútbol sala
;;Montsant Sala 5 Cadet;0 - 9;Futsal Dante Cadet;ALBERT GONZALEZ GARCIA;18/04/2018;18:30;Institut Barcelona Congrés- Carrer del Baró d'Esponellà- Barcelona- Espanya;Jornada 14;"Cadet ""B""";;08. Cadet;Fútbol sala
;;F.S. Esclop Aleví;4 - 2;A.E. Centelles Aleví;PABLO GARCIA LLUBIA;20/04/2018;19:00;Col·legi Públic Gaudí- Carrer d'Ordesa- Sabadell- Espanya;Jornada 16;"Aleví ""A""";;10. Aleví;Fútbol sala
;;Palafrugell Futbol Sala;7 - 3;F.S. Caldes De Malavella;DANIEL MORENO LEON- FERRAN RUIZ MEDINA;20/04/2018;21:30;Polivalent Caldes de Malavella;Jornada 17;1ª Territorial C;;03. 1a Territorial 2017-2018;Fútbol sala
;;E.P. Badalona Centre Cadet;2 - 7;"Escola de Futsal Grèvol Cadet ""B""";ALBERT GONZALEZ GARCIA;21/04/2018;10:00;Escola Jungfrau Carrer Vila Vall-Llebrera- s/n- 08911 Badalona;Jornada 18;"Cadet ""B""";;08. Cadet;Fútbol sala
;;"Escola Pia Santa Anna Mataró Infantil ""C""";3 - 9;C.F.S. La Garriga Infantil;CRISTIANO RODI;21/04/2018;10:15;Escola Pia Santa Anna Mataró- Carrer de Sant Agustí- Mataró- Espanya;Jornada 18;"Infantil ""B""";;09. Infantil;Fútbol sala
;;A.E. Moià Aleví;6 - 1;F.S. Llinars Atletic Aleví;RICARD MARQUEZ SIMONI;21/04/2018;10:30;Pavelló Municipal d'Esports- Moià- Espanya;Jornada 18;"Aleví ""A""";;10. Aleví;Fútbol sala
;;"F.S. Esclop Infantil ""B""";3 - 2;E.P. Badalona Centre Infantil;PAOLO FORTUNATI RUBEIS;21/04/2018;11:00;Col·legi Públic Gaudí- Carrer d'Ordesa- Sabadell- Espanya;Jornada 18;"Infantil ""A""";;09. Infantil;Fútbol sala
;;"Escola de Futsal Grèvol Infantil ""A""";6 - 0;A.E. Sallent Infantil;JOAN GIBERT REY;21/04/2018;11:00;Pavelló Grèvol- Carrer Provençals- 9 Barcelona;Jornada 18;"Infantil ""A""";;09. Infantil;Fútbol sala
;;A.E. Sallent Cadet;2 - 0;F.S. Llinars Cadet;DAVID VALIENTE MARTIN;21/04/2018;11:15;Pavello Municipal- Carrer Verge del Pilar- Sallent de Llobregat- España;Jornada 18;"Cadet ""A""";;08. Cadet;Fútbol sala
;;C.f.s. Alcalà Prat - Bar La Terraza Cadet;2 - 5;Olímpic Argentona Cadet;JOSE MANUEL GÜISADO PLIBERSCHNIG;21/04/2018;12:00;CEM SAGNIER- EL Prat de Llobregat- C/Federica Montseny s/n;Jornada 18;"Cadet ""A""";;08. Cadet;Fútbol sala
;;Teià F5 Infantil;8 - 1;"Escola de Futsal Grèvol Infantil ""B""";ANTONIO RUIZ MANCHON;21/04/2018;12:00;Poliesportiu Municipal El Cim- Carrer Josep Puigoriol s/n- Teià;Jornada 18;"Infantil ""A""";;09. Infantil;Fútbol sala
;;"Escola Pia Santa Anna Mataró Infantil ""A""";8 - 2;"F.S. Union Llagostense Mecman Infantil ""A""""";CRISTIANO RODI;21/04/2018;12:00;Escola Pia Santa Anna Mataró- Carrer de Sant Agustí- Mataró- Espanya;Jornada 18;"Infantil ""A""";;09. Infantil;Fútbol sala
;;Sagrerenc C.E. Pre-benjamí;6 - 1;Olimpic Argentona Pre-benjamí;PABLO GARCIA LLUBIA;21/04/2018;12:15;Poliesportiu Municipal La Sagrera - C/Honduras- 2 Barcelona;Jornada 7;Pre-benjami Copa;;12. Pre-benjami;Fútbol sala
;;Escola de Futsal Grèvol Juvenil;3 - 1;C.C.A. Plaza Macael Juvenil;JOAN GIBERT REY;21/04/2018;12:15;Pavelló Grèvol- Carrer Provençals- 9 Barcelona;Jornada 18;"Juvenil ""B""";;07. Juvenil;Fútbol sala
;;CFS Sagrada Familia;2 - 7;F.S Union La Salut Badalona A;LAUREANO PILAR VILLALBA- MARC GUINOVART PLANA;21/04/2018;12:30;Passeig Marítim de la Barceloneta- 33- 08003 Barcelona;Jornada 21;1a Territorial B;;03. 1a Territorial 2017-2018;Fútbol sala
;;"Padre Damián Sagrados Corazones ""C""";3 - 2;"Olímpic Argentona ""B""";JOSE RIZO GOMEZ;21/04/2018;13:00;Poliesportiu Padre Damián Sagrados Corazones;Jornada 24;2a. Territorial A;;04. 2ª Territorial 2017-2018;Fútbol sala
;;Futbolmania F.S.;0 - 5;Atletic Arrahona B;MARCO ANTONIO GALLARDO BARÓ;21/04/2018;13:15;Poliesportiu MontigalÀ;Jornada 24;2a. Territorial A;;04. 2ª Territorial 2017-2018;Fútbol sala
;;"F.S. Union Llagostense Mecman Infantil ""B""";4 - 0;A.E. Moià Infantil;ISMAEL BENKHAJOU BAKKALI;21/04/2018;13:30;Complex esportiu municipal El Turó- Carrer de Joaquim Blume- La Llagosta- Espanya;Jornada 18;"Infantil ""B""";;09. Infantil;Fútbol sala
;;Sagrerenc C.E. Aleví;5 - 4;"Olimpic Argentona Aleví ""A""";PABLO GARCIA LLUBIA;21/04/2018;13:30;Poliesportiu Municipal La Sagrera - C/Honduras- 2 Barcelona;Jornada 18;"Aleví ""A""";;10. Aleví;Fútbol sala
;;Neurofutbol F.S.;9 - 2;"Futbol Sala Corbera Cadet ""B""";ALBERT GONZALEZ GARCIA;21/04/2018;14:00;Ciudad Deportiva Fundación Marcet- Av. Can Marcet- 08035 Barcelona;Jornada 18;"Cadet ""B""";;08. Cadet;Fútbol sala
;;C.F.S. Alcalà Prat - Bar La Terraza Infantil;11 - 4;"F.S. Esclop Infantil ""A""";JOSE MANUEL GÜISADO PLIBERSCHNIG;21/04/2018;14:00;CEM SAGNIER- EL Prat de Llobregat- C/Federica Montseny s/n;Jornada 18;"Infantil ""B""";;09. Infantil;Fútbol sala
;;Can Palet FS;6 - 3;Teià Futbol Cinc B;JONATHAN GALVIS ARANGO- MARI CARMEN DELGADO MORALES;21/04/2018;14:30;Zona Esportiva Municipal Can Jofresa Carrer de Badalona- 4-6 08223 Terrassa;Jornada 21;1a Territorial A;;03. 1a Territorial 2017-2018;Fútbol sala
;;Jovents Balaguer;6 - 1;E.F.S. Alta Segarra Femení;HAFID AIKAR EL MIRI;21/04/2018;15:00;Pavelló Inpacsa Carrer d'Urgell- 106- 25600 Balaguer- Lleida;Jornada 18;Nacional Femenina B;;05. Nacional Femenina;Fútbol sala
;;Sagrerenc C.E. Cadet A;3 - 8;Grup de Joves Can Tusell Cadet;LAUREANO PILAR VILLALBA;21/04/2018;15:30;Poliesportiu Municipal La Sagrera - C/Honduras- 2 Barcelona;Jornada 18;"Cadet ""A""";;08. Cadet;Fútbol sala
;;Escola Pia Santa Anna Mataró B;3 - 6;C.F.S. La Garriga;DOMENEC FOLGUERA AMPURDANES- ELVIA ELOISA CARDENAS RAMOS;21/04/2018;15:30;Escola Pia Santa Anna Mataró- Carrer de Sant Agustí- Mataró- Espanya;Jornada 21;1a Territorial A;;03. 1a Territorial 2017-2018;Fútbol sala
;;A.C.E. Sansur B;2 - 7;"Padre Damián Sagrados Corazones ""B""";JOEL JIMENEZ RODRIGUEZ- JOSE MANUEL GÜISADO PLIBERSCHNIG;21/04/2018;15:30;Poliesportiu Espanya Industrial;Jornada 21;1a Territorial B;;03. 1a Territorial 2017-2018;Fútbol sala
;;F.s. Unión Llagostense MecMan Juvenil Nacional;11 - 1;Banús Futsal Juvenil Nacional;ISMAEL CHAMERO RIVERO- PABLO GARCIA LLUBIA;21/04/2018;16:00;Complex esportiu municipal El Turó- Carrer de Joaquim Blume- La Llagosta- Espanya;Jornada 15;Juvenil Nacional;;06. Juvenil Nacional;Fútbol sala
;;Gela;0 - 5;"F.S. Borges ""B""";;21/04/2018;16:00;pavello poliesportiu de Gerb;Jornada 18;1a Territorial D;;03. 1a Territorial 2017-2018;Fútbol sala
;;Futbol Sala Femení Vila-Sana;1 - 2;Celler de l' Arnau;GERMAN MARTIN FERNANDEZ;21/04/2018;16:00;PavellÓ Municipal De Vila-sana;Jornada 18;Nacional Femenina B;;05. Nacional Femenina;Fútbol sala
;;C.e. Gadex Femení;0 - 5;Teià Futbol Cinc femení;BILAL ARROUCHDI- JOSE RIZO GOMEZ;21/04/2018;16:00;Poliesportiu Municipal Olimpia Carrer de Mauritània- 17- 08206 Sabadell- España;Jornada 18;Nacional Femenina A;;05. Nacional Femenina;Fútbol sala
;;C.F.S. La Garriga Juvenil A;0 - 2;"F.S. Esclop Juvenil ""B""";ISMAEL BENKHAJOU BAKKALI;21/04/2018;16:00;Poliesportiu Can Noguera;Jornada 18;"Juvenil ""B""";;07. Juvenil;Fútbol sala
;;"Futbol Sala Corbera Cadet ""A""";5 - 0;A.E. Moià Cadet;;21/04/2018;16:00;Pabellón Municipal de Deportes- C/Josep Tarradellas- 08757 Corbera de Llobregat;Jornada 18;"Cadet ""A""";;08. Cadet;Fútbol sala
;;C.E.F.S. Granollers Cadet;0 - 7;Futsal Dante Cadet;DAVID VALIENTE MARTIN;21/04/2018;16:00;PavellÓ Municipal De Can Bassa;Jornada 18;"Cadet ""B""";;08. Cadet;Fútbol sala
;;F.S. Esclop Aleví;2 - 4;F.S. Llinars Aleví;MARIANO BURGOS BONAVENTURA;21/04/2018;16:00;Col·legi Públic Gaudí- Carrer d'Ordesa- Sabadell- Espanya;Jornada 18;"Aleví ""A""";;10. Aleví;Fútbol sala
;;F.S. Racing Llavaneres;3 - 7;Betània Patmos Barcelona B;ANTONIO RUIZ MANCHON- SANDRA GARRIS CUBA;21/04/2018;16:00;Poliesportiu De Sant Andreu De Llavaneres;Jornada 21;1a Territorial A;;03. 1a Territorial 2017-2018;Fútbol sala
;;Penya Recreativa Sant Feliu de Llobregat;5 - 1;Athletic Torre Roja;MARCO ANTONIO GALLARDO BARÓ- NICOLAS ANDRES VALBUENA TORRES;21/04/2018;16:00;Pavelló Andrei Xepkin Carrer Mataró- 4- 08980 Sant Feliu de Llobregat- Barcelona;Jornada 21;1a Territorial B;;03. 1a Territorial 2017-2018;Fútbol sala
;;"Gelida Industrial F.S.C. ""A""";3 - 5;A.E. Les Botigues De Sitges;CARLOS ARANDA PORTILLO- GABRIEL MORALES CAÑAS- PAOLO FORTUNATI RUBEIS;21/04/2018;16:15;Pavelló Municipal d'Esports de Gelida;Jornada 21;PRIMERA NACIONAL 2017-18;;02. Primera Nacional 2017-2018;Fútbol sala
;;Sagrerenc C.E. Juvenil Nacional A;12 - 3;E.F.S. Alta Segarra Juvenil Nacional;JONATHAN GALVIS ARANGO- LAUREANO PILAR VILLALBA;21/04/2018;16:45;Poliesportiu Municipal La Sagrera - C/Honduras- 2 Barcelona;Jornada 15;Juvenil Nacional;;06. Juvenil Nacional;Fútbol sala
;;F.S. Hostalriquenc;9 - 7;Palafrugell Futbol Sala;FRANCISCO JAVIER SANGUINO BLANQUIÑO- JOAQUIM BRUGUES TURRO;21/04/2018;17:00;Pavelló Municipal d' Hostalric;Jornada 18;1ª Territorial C;;03. 1a Territorial 2017-2018;Fútbol sala
;;F.s. Borges;8 - 1;E.F.S. Alta Segarra;DAVID MACARULLA CASTAÑEDA- ELI GASCÓN PEREIRO- OSCAR CRUZ OSUNA;21/04/2018;17:00;PAVELLO MUNICIPAL DE LES BORGES BLANQUES;Jornada 21;NACIONAL CATALANA 2017-18;;01. Nacional Catalana 2017-2018;Fútbol sala
;;F.S. Esclop;0 - 2;C.e. Gadex B;MARIANO BURGOS BONAVENTURA;21/04/2018;17:00;Escola Torreguitart Carrer de Vallirana- 14- 08207 Sabadell- Barcelona;Jornada 24;2a. Territorial A;;04. 2ª Territorial 2017-2018;Fútbol sala
;;C.E.F.S. Granollers Pre-benjamí;12 - 1;C.F.S. La Garriga Pre-benjamí;DAVID VALIENTE MARTIN;21/04/2018;17:30;PavellÓ Municipal De Can Bassa;Jornada 7;Pre-benjami Copa;;12. Pre-benjami;Fútbol sala
;;Betània Patmos Barcelona Juvenil Nacional;9 - 4;A.C. Coloso Juvenil Nacional;DAVID GALLARDO BARÓ- DAVID GUILLÉN CUELLAR;21/04/2018;18:00;Pavelló Universitat de Barcelona- Avinguda Diagonal 695-701 Barcelona;Jornada 15;Juvenil Nacional;;06. Juvenil Nacional;Fútbol sala
;;F.S Fontcoberta;3 - 4;Futsal Cadaqués;FRANCESC ALBARRAN PIZARRO- SERGI ALBARRAN RINCON;21/04/2018;18:00;Pavelló Municipal de Fontcoberta Avinguda de la Pedrera- 17833 Fontcoberta- Girona;Jornada 18;1ª Territorial C;;03. 1a Territorial 2017-2018;Fútbol sala
;;C.E.F.S. Fonollosa;8 - 8;Restaurant 2007 La Fuliola;HAFID AIKAR EL MIRI;21/04/2018;18:00;Pista Poliesportiva de Fonollosa- C/ Mestre Angela Torres- 08259 Fonollosa;Jornada 18;2a Territorial D;;04. 2ª Territorial 2017-2018;Fútbol sala
;;Peramola F.s.;3 - 1;F.S.R. Massoteres - Sant Guim de la Plana;FRANCISCO JUAN INGLES PAREJA;21/04/2018;18:00;Pista Poliesportiva Peramola;Jornada 18;2a Territorial D;;04. 2ª Territorial 2017-2018;Fútbol sala
;;Alcarràs - Fraga Futsal;0 - 4;Oli Les Cabanes Juncosa F.S. Femení;GERMAN MARTIN FERNANDEZ;21/04/2018;18:00;Pabellón Polideportivo Cortes de Aragón Paseo de la Constitución- 22520 Fraga- Huesca;Jornada 18;Nacional Femenina B;;05. Nacional Femenina;Fútbol sala
;;Sagrerenc C.E. B;8 - 2;"Futsal Dante ""B""";JONATHAN GALVIS ARANGO- JOSE MANUEL GÜISADO PLIBERSCHNIG;21/04/2018;18:00;Poliesportiu Municipal La Sagrera - C/Honduras- 2 Barcelona;Jornada 21;1a Territorial B;;03. 1a Territorial 2017-2018;Fútbol sala
;;F.S. Tèlic Group Bigues i Riells;6 - 5;Albelda Futsal;JORDI GAITX PLA- OSCAR KEVIN GUTIERREZ GUTIERREZ- RICARD MARQUEZ SIMONI;21/04/2018;18:00;Pavellon Can Badell- Avinguda Prat de la Riba- Bigues i Riells- Espanya;Jornada 21;PRIMERA NACIONAL 2017-18;;02. Primera Nacional 2017-2018;Fútbol sala
;;A.E. Tiana;0 - 6;E.F.S. Ripoll;ALBERTO IGLESIAS PALOMARES- JOAN RAMON BERNARDO MAÑÉ- RAUL GONZALEZ MONJO;21/04/2018;18:30;Poliesportiu Municipal De Tiana;Jornada 21;NACIONAL CATALANA 2017-18;;01. Nacional Catalana 2017-2018;Fútbol sala
;;"Club Futsal Alcarràs ""B""";3 - 6;Futbol Club Montmaneu;ELI GASCÓN PEREIRO- LLUIS GONZALEZ BEAS;21/04/2018;19:00;Pavelló Municipal Andreu Aixala;Jornada 18;1a Territorial D;;03. 1a Territorial 2017-2018;Fútbol sala
;;C.E.F.S. Granollers;3 - 3;C.F.S. Clot A;DAVID VALIENTE MARTIN- ISMAEL CHAMERO RIVERO- PABLO GARCIA LLUBIA;21/04/2018;19:00;PavellÓ Municipal De Can Bassa;Jornada 21;NACIONAL CATALANA 2017-18;;01. Nacional Catalana 2017-2018;Fútbol sala
;;Vilobí F.S.;5 - 3;Futsal Cassà;FRANCISCO JAVIER SANGUINO BLANQUIÑO- JOAQUIM BRUGUES TURRO;21/04/2018;19:30;Pavelló Municipal de Vilobí d'Onyar- Vilobí d'Onyar- España;Jornada 18;2a. Territorial C;;04. 2ª Territorial 2017-2018;Fútbol sala
;;Club futbol sala Santa Cristina;5 - 3;P.B. Montgrí;DANIEL MORENO LEON- FERRAN RUIZ MEDINA;21/04/2018;19:30;Pavello d'Esports de Santa Cristina d'Aro- Pont d ela Font del Rei s/n- 17246 Santa Cristina d'Aro;Jornada 18;2a. Territorial C;;04. 2ª Territorial 2017-2018;Fútbol sala
;;Betània Patmos Barcelona;3 - 4;Sagrerenc C.E. A;DAVID GALLARDO BARÓ- DAVID GUILLÉN CUELLAR- MARCO ANTONIO GALLARDO BARÓ;21/04/2018;19:30;Pavelló Universitat de Barcelona- Avinguda Diagonal 695-701 Barcelona;Jornada 21;NACIONAL CATALANA 2017-18;;01. Nacional Catalana 2017-2018;Fútbol sala
;;Atlètic Vidreres B;1 - 3;"F.s. Hostalriquenc ""B""";KEVIN ORTIZ MONGE- MIGUEL ANGEL MONGE PEREZ;21/04/2018;20:00;Pavelló Municipal Maçanet de la Selva;Jornada 18;2a. Territorial C;;04. 2ª Territorial 2017-2018;Fútbol sala
;;A.E. Tiana Juvenil;0 - 9;Betània Patmos Barcelona Juvenil B;JOAN RAMON BERNARDO MAÑÉ;21/04/2018;20:00;Poliesportiu Municipal De Tiana;Jornada 18;"Juvenil ""A""";;07. Juvenil;Fútbol sala
;;Olímpic Argentona;4 - 1;C.e. Gadex;MARIANO BURGOS BONAVENTURA- SANDRA GARRIS CUBA;21/04/2018;20:00;Pavelló Municipal d' Argentona;Jornada 21;1a Territorial A;;03. 1a Territorial 2017-2018;Fútbol sala
;;C.f.s. Alcalà Prat - Bar La Terraza;5 - 0;Escola Pia Santa Anna Mataró;JOSE RIZO GOMEZ- MARI CARMEN DELGADO MORALES- NICOLAS ANDRES VALBUENA TORRES;21/04/2018;20:00;CEM SAGNIER- EL Prat de Llobregat- C/Federica Montseny s/n;Jornada 21;PRIMERA NACIONAL 2017-18;;02. Primera Nacional 2017-2018;Fútbol sala
;;Sants Atletic F.S.;2 - 3;Betis Catalunya F.S.;CARLOS GÓMEZ GONZÁLEZ- JOEL JIMENEZ RODRIGUEZ;21/04/2018;20:30;Complex Esportiu La Báscula- Barcelona- Espanya;Jornada 21;1a Territorial B;;03. 1a Territorial 2017-2018;Fútbol sala
;;Atlètic Vidreres;6 - 6;Joves de Vidreres C.F.S.;FRANCESC ALBARRAN PIZARRO- SERGI ALBARRAN RINCON;21/04/2018;20:59;Pavelló d'Esports Vidreres Carrer Lloret- 2- 17411 Vidreres- Girona;Jornada 18;1ª Territorial C;;03. 1a Territorial 2017-2018;Fútbol sala
;;"Olimpic Argentona Aleví ""B""";1 - 8;A.E. Sallent Aleví;HERMAN TORTA RECHE;22/04/2018;09:00;Pavelló Municipal d' Argentona;Jornada 18;"Aleví ""A""";;10. Aleví;Fútbol sala
;;C.E. Maristes De Rubí Aleví B;3 - 6;C.F.S. La Garriga Aleví;ANTONIO RUIZ MANCHON;22/04/2018;10:00;Pavello Maristes de Rubi- magallanes 65 Rubi;Jornada 18;"Aleví ""A""";;10. Aleví;Fútbol sala
;;"Orange Futsal Castellbisbal ""B""";7 - 2;A.E. Tiana B;LAUREANO PILAR VILLALBA;22/04/2018;10:00;PavellÓ Poliesportiu Municipal El Papiol;Jornada 24;2a. Territorial A;;04. 2ª Territorial 2017-2018;Fútbol sala
;;F.S. Caldes De Malavella;1 - 2;Ca La Guidó Futsal;FERRAN RUIZ MEDINA- FRANCESC CARNICAS LOPEZ;22/04/2018;11:00;Polivalent Caldes de Malavella;Jornada 18;1ª Territorial C;;03. 1a Territorial 2017-2018;Fútbol sala
;;Oli Les Cabanes Juncosa F.S.;3 - 7;Athletic Aguilar A;DAVID MACARULLA CASTAÑEDA- FRANCISCO JUAN INGLES PAREJA;22/04/2018;11:00;Poliesportiu Municipal Juncosa;Jornada 18;1a Territorial D;;03. 1a Territorial 2017-2018;Fútbol sala
;;Bar Passadis Dynamo Cervera F.s.;2 - 9;F.C. Ivars De Noguera;ELI GASCÓN PEREIRO- GERMAN MARTIN FERNANDEZ;22/04/2018;11:00;PavellÓ Municipal De Cervera;Jornada 18;1a Territorial D;;03. 1a Territorial 2017-2018;Fútbol sala
;;Olímpic Argentona Infantil;6 - 2;"Escola Pia Santa Anna Mataró Infantil ""B""";LAURA PUCHE BARRANQUERO;22/04/2018;11:00;Pavelló Municipal d' Argentona;Jornada 18;"Infantil ""B""";;09. Infantil;Fútbol sala
;;Teià Futbol Cinc;12 - 3;C.F.S. Clot B;CARLOS GÓMEZ GONZÁLEZ- MARC GUINOVART PLANA- PAOLO FORTUNATI RUBEIS;22/04/2018;11:00;Poliesportiu Municipal El Cim- Carrer Josep Puigoriol s/n- Teià;Jornada 21;PRIMERA NACIONAL 2017-18;;02. Primera Nacional 2017-2018;Fútbol sala
;;C.E. Maristes De Rubí Cadet;2 - 5;"Escola de Futsal Grèvol Cadet ""A""";ANTONIO RUIZ MANCHON;22/04/2018;11:15;Pavello Maristes de Rubi- magallanes 65 Rubi;Jornada 18;"Cadet ""B""";;08. Cadet;Fútbol sala
;;"Montsant Sala 5 ""A""";4 - 1;A.C.E. Sansur;JOAN GIBERT REY- JOSE RIZO GOMEZ- NICOLAS ANDRES VALBUENA TORRES;22/04/2018;11:45;Institut Barcelona Congrés- Carrer del Baró d'Esponellà- Barcelona- Espanya;Jornada 21;NACIONAL CATALANA 2017-18;;01. Nacional Catalana 2017-2018;Fútbol sala
;;"Pony´s Futbol Sala ""A""";0 - 0;C.E. Orange Papiol Femení;ADRIA VENTEO GONZÁLEZ- MIQUEL VILASECA BARRUFET;22/04/2018;12:00;Poliesportiu Estacio Del Nord;Jornada 18;Nacional Femenina A;;05. Nacional Femenina;Fútbol sala
;;A.E. Moià Juvenil;2 - 2;C.E. Gadex Juvenil;JORDI GAITX PLA;22/04/2018;12:00;Pavelló Municipal d'Esports- Moià- Espanya;Jornada 18;"Juvenil ""A""";;07. Juvenil;Fútbol sala
;;Olimpic Argentona Juvenil;8 - 1;"F.S. Esclop Juvenil ""A""";LAURA PUCHE BARRANQUERO;22/04/2018;12:00;Pavelló Municipal d' Argentona;Jornada 18;"Juvenil ""A""";;07. Juvenil;Fútbol sala
;;A.E. Sallent Juvenil;3 - 8;F.S. Llinars Juvenil;JOAN RAMON BERNARDO MAÑÉ;22/04/2018;12:00;Pavelló D'esports Agustín Rueda de Sallent- C/verge del Pilar s/n;Jornada 18;"Juvenil ""A""";;07. Juvenil;Fútbol sala
;;F.S. Hostalriquenc Juvenil;2 - 3;"F.S. Telic Group Bigues i Riells Juvenil ""A""";JOAQUIM BRUGUES TURRO;22/04/2018;12:00;Pavelló Municipal d' Hostalric;Jornada 18;"Juvenil ""A""";;07. Juvenil;Fútbol sala
;;Futbol Sala Colomense;2 - 5;F.S Union La Salut Badalona B;MARIANO BURGOS BONAVENTURA;22/04/2018;12:00;Pavelló Esportiu de la Bastida Carrer de Prat de la Riba- s/n 08921 Santa Coloma de Gramenet Barcelona;Jornada 24;2a. Territorial A;;04. 2ª Territorial 2017-2018;Fútbol sala
;;Atlètic Sant Boi;4 - 2;C.E.S. Sabadell;MARCO ANTONIO GALLARDO BARÓ;22/04/2018;12:25;CEM Pau Gasol- Sant Boi de Llobregat- Espanya;Jornada 24;2a. Territorial A;;04. 2ª Territorial 2017-2018;Fútbol sala
;;Teià F5 Juvenil Nacional;6 - 7;Jesuïtes Clot Juvenil Nacional;CARLOS GÓMEZ GONZÁLEZ- MARC GUINOVART PLANA;22/04/2018;12:30;Poliesportiu Municipal El Cim- Carrer Josep Puigoriol s/n- Teià;Jornada 15;Juvenil Nacional;;06. Juvenil Nacional;Fútbol sala
;;C.E. Maristes De Rubí Juvenil;3 - 3;"F.S. Tèlic Group Bigues i Riells Juvenil ""B""";ANTONIO RUIZ MANCHON;22/04/2018;12:30;Pavello Maristes de Rubi- magallanes 65 Rubi;Jornada 18;"Juvenil ""B""";;07. Juvenil;Fútbol sala
;;Futsal Dante;4 - 3;F.S. Unión Llagostense MecMan;HERMAN TORTA RECHE- ISMAEL CHAMERO RIVERO- RAUL GONZALEZ MONJO;22/04/2018;13:15;Parc Creueta del Coll- Passeig de la Mare de Déu del Coll- Barcelona- Espanya;Jornada 21;NACIONAL CATALANA 2017-18;;01. Nacional Catalana 2017-2018;Fútbol sala
;;C.E. Maristes De Rubí Aleví A;13 - 1;A.E. Centelles Aleví;ANTONIO RUIZ MANCHON;22/04/2018;13:30;Pavello Maristes de Rubi- magallanes 65 Rubi;Jornada 18;"Aleví ""A""";;10. Aleví;Fútbol sala
;;A.E. Tiana Nacional Femenina;8 - 0;Futbol Sala Femeni Lloret de Mar;HERMAN TORTA RECHE- MANUEL MALDONADO LOPEZ;22/04/2018;16:00;Poliesportiu Municipal De Tiana;Jornada 18;Nacional Femenina A;;05. Nacional Femenina;Fútbol sala
;;Futbol Sala Corbera;2 - 2;Montsant Sala5 B;LAURA PUCHE BARRANQUERO;22/04/2018;16:00;Pabellón Municipal de Deportes- C/Josep Tarradellas- 08757 Corbera de Llobregat;Jornada 24;2a. Territorial A;;04. 2ª Territorial 2017-2018;Fútbol sala
;;F.S. La Salut;3 - 3;C.C.A. Plaza Macael B;ADRIA VENTEO GONZÁLEZ- LAUREANO PILAR VILLALBA;22/04/2018;16:15;Parc Creueta del Coll- Passeig de la Mare de Déu del Coll- Barcelona- Espanya;Jornada 21;1a Territorial B;;03. 1a Territorial 2017-2018;Fútbol sala
;;Athletic Torre Roja Cadet;2 - 4;Betània Patmos Barcelona Cadet;ISMAEL BENKHAJOU BAKKALI;22/04/2018;17:00;Avinguda dels Germans Gabrielistes- 16- Viladecans- Espanya;Jornada 18;"Cadet ""B""";;08. Cadet;Fútbol sala
;;Montsant Sala 5 Juvenil;1 - 5;Betània Patmos Barcelona Juvenil C;DOMENEC FOLGUERA AMPURDANES;22/04/2018;17:30;Institut Barcelona Congrés- Carrer del Baró d'Esponellà- Barcelona- Espanya;Jornada 18;"Juvenil ""B""";;07. Juvenil;Fútbol sala
;;E.F.S. Ripoll B Sant Pau de Segúries;7 - 6;Futsal Maçanet;JORDI GAITX PLA- OSCAR KEVIN GUTIERREZ GUTIERREZ;22/04/2018;18:00;Centre de Tecnificació Esportiva l'Avellaneda- Ripoll- Espanya;Jornada 18;2a. Territorial C;;04. 2ª Territorial 2017-2018;Fútbol sala
;;Athletic Torre Roja Juvenil;9 - 1;Betania F.S.Juvenil;ISMAEL BENKHAJOU BAKKALI;22/04/2018;18:00;Avinguda dels Germans Gabrielistes- 16- Viladecans- Espanya;Jornada 18;"Juvenil ""B""";;07. Juvenil;Fútbol sala
;;CFS Ibers Santa Coloma;3 - 1;C.E.F.S. Granollers C;ADRIA VENTEO GONZÁLEZ- JOEL JIMENEZ RODRIGUEZ;22/04/2018;18:00;Pavelló Esportiu de la Bastida Carrer de Prat de la Riba- s/n 08921 Santa Coloma de Gramenet Barcelona;Jornada 21;1a Territorial B;;03. 1a Territorial 2017-2018;Fútbol sala
;;FS Vinaixa Femeni;2 - 0;F.s. Borges Femení;DAVID MACARULLA CASTAÑEDA;22/04/2018;18:30;Ctra. de Lleida s/n 25440 Vinaixa;Jornada 18;Nacional Femenina B;;05. Nacional Femenina;Fútbol sala
;;F.S. Viladecavalls;3 - 3;Betis Catalunya F.S. B;MARIANO BURGOS BONAVENTURA;22/04/2018;19:30;poliesportiu municipal de viladecavalls;Jornada 24;2a. Territorial A;;04. 2ª Territorial 2017-2018;Fútbol sala
;;C.E. Maristes De Rubí;3 - 2;C.E.F.S. Granollers B;DOMENEC FOLGUERA AMPURDANES- ELVIA ELOISA CARDENAS RAMOS;22/04/2018;20:15;Pavello Maristes de Rubi- magallanes 65 Rubi;Jornada 21;1a Territorial A;;03. 1a Territorial 2017-2018;Fútbol sala
;;CEFS Begur;12 - 1;Mestre D Aixa U.a. Tossa;KEVIN ORTIZ MONGE- MIGUEL ANGEL MONGE PEREZ;24/04/2018;20:30;Pavelló de Begur- Carrer del Pavelló Begur;Jornada 18;2a. Territorial C;;04. 2ª Territorial 2017-2018;Fútbol sala
;;A.E. I.E.S. Manuel Blancafort;7 - 0;A.E. Tiana Nacional Femenina;DAVID VALIENTE MARTIN;24/04/2018;21:00;Can Violí- Avinguda 11 de Setembre- s/n- 08530 La Garriga- Barcelona;Jornada 12;Nacional Femenina A;;05. Nacional Femenina;Fútbol sala
;;"F.S. Esclop Juvenil ""A""";1 - 2;A.E. Tiana Juvenil;DAVID VALIENTE MARTIN;25/04/2018;21:00;Escola Torreguitart Carrer de Vallirana- 14- 08207 Sabadell- Barcelona;Jornada 17;"Juvenil ""A""";;07. Juvenil;Fútbol sala
;;Montsant Sala5 B;4 - 2;"Padre Damián Sagrados Corazones ""C""";MIQUEL VILASECA BARRUFET;27/04/2018;20:55;Institut Barcelona Congrés- Carrer del Baró d'Esponellà- Barcelona- Espanya;Jornada 25;2a. Territorial A;;04. 2ª Territorial 2017-2018;Fútbol sala
;;Futsal Bellmunt;4 - 5;Futbol Sala Altorricon;DAVID MACARULLA CASTAÑEDA;27/04/2018;21:30;Pavelló Poliesportiu Bellmunt;Jornada 18;2a Territorial D;;04. 2ª Territorial 2017-2018;Fútbol sala
;;Olimpic Argentona Pre-benjamí;4 - 6;C.E.F.S. Granollers Pre-benjamí;DAVID VALIENTE MARTIN;28/04/2018;10:00;Pavelló Municipal d' Argentona;Jornada 8;Pre-benjami Copa;;12. Pre-benjami;Fútbol sala
;;Betània Patmos Barcelona Cadet;6 - 4;Montsant Sala 5 Cadet;JOSE MANUEL GÜISADO PLIBERSCHNIG;28/04/2018;10:00;Escola Betània Patmos- Carrer de Montevideo- Barcelona- Espanya;Jornada 19;"Cadet ""B""";;08. Cadet;Fútbol sala
;;A.E. Sallent Aleví;15 - 0;A.E. Moià Aleví;MARI CARMEN DELGADO MORALES;28/04/2018;10:00;Pavelló D'esports Agustín Rueda de Sallent- C/verge del Pilar s/n;Jornada 19;"Aleví ""A""";;10. Aleví;Fútbol sala
;;A.E. Moià Cadet;4 - 4;Sagrerenc C.E. Cadet A;JOSE RIZO GOMEZ;28/04/2018;10:30;Pavelló Municipal d'Esports- Moià- Espanya;Jornada 19;"Cadet ""A""";;08. Cadet;Fútbol sala
;;C.F.S. La Garriga Aleví;8 - 1;"Olimpic Argentona Aleví ""B""";ANTONIO RUIZ MANCHON;28/04/2018;10:45;Poliesportiu Can Noguera;Jornada 19;"Aleví ""A""";;10. Aleví;Fútbol sala
;;Betània Patmos Barcelona Juvenil C;14 - 0;C.F.S. La Garriga Juvenil A;JOSE MANUEL GÜISADO PLIBERSCHNIG;28/04/2018;11:00;Escola Betània Patmos- Carrer de Montevideo- Barcelona- Espanya;Jornada 19;"Juvenil ""B""";;07. Juvenil;Fútbol sala
;;"Olimpic Argentona Aleví ""A""";5 - 4;C.E. Maristes De Rubí Aleví B;DAVID VALIENTE MARTIN;28/04/2018;11:00;Pavelló Municipal d' Argentona;Jornada 19;"Aleví ""A""";;10. Aleví;Fútbol sala
;;"Escola de Futsal Grèvol Cadet ""A""";11 - 3;C.E.F.S. Granollers Cadet;PABLO GARCIA LLUBIA;28/04/2018;11:15;Pavelló Grèvol- Carrer Provençals- 9 Barcelona;Jornada 19;"Cadet ""B""";;08. Cadet;Fútbol sala
;;Betània Patmos Barcelona Juvenil B;3 - 1;Olimpic Argentona Juvenil;JOSE MANUEL GÜISADO PLIBERSCHNIG;28/04/2018;12:00;Escola Betània Patmos Av. Mare de Déu de Lorda- 2-16- 08034 Barcelona;Jornada 19;"Juvenil ""A""";;07. Juvenil;Fútbol sala
;;A.E. Centelles Aleví;0 - 6;Sagrerenc C.E. Aleví;ADRIA VENTEO GONZÁLEZ;28/04/2018;12:15;Pavello Mpal de Centelles;Jornada 19;"Aleví ""A""";;10. Aleví;Fútbol sala
;;"Escola de Futsal Grèvol Cadet ""B""";5 - 1;Neurofutbol F.S.;PABLO GARCIA LLUBIA;28/04/2018;12:30;Pavelló Grèvol- Carrer Provençals- 9 Barcelona;Jornada 19;"Cadet ""B""";;08. Cadet;Fútbol sala
;;C.E. Gadex Juvenil;4 - 1;A.E. Tiana Juvenil;LAUREANO PILAR VILLALBA;28/04/2018;13:00;Poliesportiu Municipal Olimpia Carrer de Mauritània- 17- 08206 Sabadell- España;Jornada 19;"Juvenil ""A""";;07. Juvenil;Fútbol sala
;;F.S. Union Llagostense Mecman Cadet;1 - 7;"Futbol Sala Corbera Cadet ""A""";DAVID VALIENTE MARTIN;28/04/2018;13:30;Complex esportiu municipal El Turó- Carrer de Joaquim Blume- La Llagosta- Espanya;Jornada 19;"Cadet ""A""";;08. Cadet;Fútbol sala
;;"Futbol Sala Corbera Cadet ""B""";0 - 3;Athletic Torre Roja Cadet;HAFID AIKAR EL MIRI;28/04/2018;14:00;Pabellón Municipal de Deportes- C/Josep Tarradellas- 08757 Corbera de Llobregat;Jornada 19;"Cadet ""B""";;08. Cadet;Fútbol sala
;;Banús Futsal Juvenil Nacional;2 - 3;Betània Patmos Barcelona Juvenil Nacional;CARLOS ARANDA PORTILLO- GABRIEL MORALES CAÑAS;28/04/2018;16:00;Pavelló Fundación Valldor 7;Jornada 16;Juvenil Nacional;;06. Juvenil Nacional;Fútbol sala
;;E.F.S. Alta Segarra Juvenil Nacional;1 - 3;F.s. Unión Llagostense MecMan Juvenil Nacional;DAVID MACARULLA CASTAÑEDA- ELI GASCÓN PEREIRO;28/04/2018;16:00;Pavelló Municipal De Calaf;Jornada 16;Juvenil Nacional;;06. Juvenil Nacional;Fútbol sala
;;A.E. I.E.S. Manuel Blancafort;13 - 0;"Orange Futsal Castellbisbal ""B"" - Nacional Femenina";JOAN RAMON BERNARDO MAÑÉ- MOUAD HADDADI HARNAFI;28/04/2018;16:00;Can Violí- Avinguda 11 de Setembre- s/n- 08530 La Garriga- Barcelona;Jornada 18;Nacional Femenina A;;05. Nacional Femenina;Fútbol sala
;;"F.S. Esclop Juvenil ""A""";3 - 3;A.E. Sallent Juvenil;DAVID VALIENTE MARTIN;28/04/2018;16:00;Escola Torreguitart Carrer de Vallirana- 14- 08207 Sabadell- Barcelona;Jornada 19;"Juvenil ""A""";;07. Juvenil;Fútbol sala
;;C.D Esmeralda Procell F.s.;5 - 3;F.S. Racing Llavaneres;ALBERTO IGLESIAS PALOMARES- RAUL GONZALEZ MONJO;28/04/2018;16:00;Poliesportiu de Canyamars CamÍ del Forn- 10- 08318 Dosrius- Barcelona;Jornada 22;1a Territorial A;;03. 1a Territorial 2017-2018;Fútbol sala
;;"F.S. Telic Group Bigues i Riells Juvenil ""A""";4 - 2;Sagrerenc C.E. Juvenil B;RICARD MARQUEZ SIMONI;28/04/2018;16:30;Pavellon Can Badell- Avinguda Prat de la Riba- Bigues i Riells- Espanya;Jornada 19;"Juvenil ""A""";;07. Juvenil;Fútbol sala
;;F.S. Llinars Atletic Aleví;5 - 4;F.S. Esclop Aleví;ISMAEL BENKHAJOU BAKKALI;28/04/2018;16:30;Pavelló annex de Llinars del Vallès - Av. Pau Casals- 22-24- 08450 Llinars del Vallès- Barcelona;Jornada 19;"Aleví ""A""";;10. Aleví;Fútbol sala
;;Atletic Arrahona B;5 - 4;Futbol Sala Corbera;MARIANO BURGOS BONAVENTURA;28/04/2018;16:30;Pavelló esports c/ sol i padris- 59 08203 Sabadell;Jornada 25;2a. Territorial A;;04. 2ª Territorial 2017-2018;Fútbol sala
;;C.C.A. Plaza Macael Juvenil;7 - 4;Montsant Sala 5 Juvenil;LAUREANO PILAR VILLALBA;28/04/2018;17:00;Polideportivo Can Vidalet- Esplugues de Llobregat- Espanya;Jornada 19;"Juvenil ""B""";;07. Juvenil;Fútbol sala
;;"F.S. Esclop Juvenil ""B""";4 - 1;Athletic Torre Roja Juvenil;ALBERT GONZALEZ GARCIA;28/04/2018;17:00;Col·legi Públic Gaudí- Carrer d'Ordesa- Sabadell- Espanya;Jornada 19;"Juvenil ""B""";;07. Juvenil;Fútbol sala
;;Grup de Joves Can Tusell Cadet;11 - 5;C.f.s. Alcalà Prat - Bar La Terraza Cadet;FRANCISCO JAVIER LORENTE PLANA;28/04/2018;17:00;Pista Pol. De Can Tusell (gespa Artificial);Jornada 19;"Cadet ""A""";;08. Cadet;Fútbol sala
;;Sagrerenc C.E. A;1 - 3;A.E. Tiana;JOSE RIZO GOMEZ- MARI CARMEN DELGADO MORALES- MATILDE GOMEZ VIÑARAS;28/04/2018;17:00;Poliesportiu Municipal La Sagrera - C/Honduras- 2 Barcelona;Jornada 22;NACIONAL CATALANA 2017-18;;01. Nacional Catalana 2017-2018;Fútbol sala
;;C.E.F.S. Granollers C;1 - 3;A.C.E. Sansur B;HERMAN TORTA RECHE- ROGER TORRENT ARNAU;28/04/2018;17:00;PavellÓ Municipal De Can Bassa;Jornada 22;1a Territorial B;;03. 1a Territorial 2017-2018;Fútbol sala
;;C.E. Orange Papiol;3 - 3;Teià Futbol Cinc;JOEL JIMENEZ RODRIGUEZ- JOSE PEDRO CASES FERNANDEZ- SAMUEL SERRANO MATA;28/04/2018;17:00;PavellÓ Poliesportiu Municipal El Papiol;Jornada 22;PRIMERA NACIONAL 2017-18;;02. Primera Nacional 2017-2018;Fútbol sala
;;C.e. Gadex B;2 - 2;Futbol Sala Colomense;OMAR DOUAS BERROHOUY;28/04/2018;17:00;Poliesportiu Municipal Olimpia Carrer de Mauritània- 17- 08206 Sabadell- España;Jornada 25;2a. Territorial A;;04. 2ª Territorial 2017-2018;Fútbol sala
;;A.E. Tiana B;2 - 6;Atlètic Sant Boi;JOSE MANUEL GÜISADO PLIBERSCHNIG;28/04/2018;17:00;Poliesportiu Municipal De Tiana;Jornada 25;2a. Territorial A;;04. 2ª Territorial 2017-2018;Fútbol sala
;;F.S. Llinars Aleví;1 - 9;C.E. Maristes De Rubí Aleví A;ISMAEL BENKHAJOU BAKKALI;28/04/2018;17:45;Pavelló annex de Llinars del Vallès - Av. Pau Casals- 22-24- 08450 Llinars del Vallès- Barcelona;Jornada 19;"Aleví ""A""";;10. Aleví;Fútbol sala
;;A.C.E. Sansur;5 - 0;E.F.S. Alta Segarra;ANTONIO RUIZ MANCHON- DAVID VALIENTE MARTIN- NICOLAS ANDRES VALBUENA TORRES;28/04/2018;18:00;Poliesportiu Espanya Industrial;Jornada 22;NACIONAL CATALANA 2017-18;;01. Nacional Catalana 2017-2018;Fútbol sala
;;"Padre Damián Sagrados Corazones ""B""";4 - 2;Sagrerenc C.E. B;DAVID GALLARDO BARÓ- MARCO ANTONIO GALLARDO BARÓ;28/04/2018;18:00;Poliesportiu Padre Damián Sagrados Corazones;Jornada 22;1a Territorial B;;03. 1a Territorial 2017-2018;Fútbol sala
;;Can Palet FS;3 - 2;Escola Pia Santa Anna Mataró B;CARLOS ARANDA PORTILLO- GABRIEL MORALES CAÑAS;28/04/2018;18:30;PAVELLO LA MAURINA;Jornada 22;1a Territorial A;;03. 1a Territorial 2017-2018;Fútbol sala
;;F.S. Tèlic Group Bigues i Riells;5 - 3;"Gelida Industrial F.S.C. ""A""";JORDI GAITX PLA- OSCAR KEVIN GUTIERREZ GUTIERREZ- RICARD MARQUEZ SIMONI;28/04/2018;18:30;Pavellon Can Badell- Avinguda Prat de la Riba- Bigues i Riells- Espanya;Jornada 22;PRIMERA NACIONAL 2017-18;;02. Primera Nacional 2017-2018;Fútbol sala
;;F.S. Llinars Juvenil;3 - 0;F.S. Hostalriquenc Juvenil;ISMAEL BENKHAJOU BAKKALI;28/04/2018;19:00;Pavelló annex de Llinars del Vallès - Av. Pau Casals- 22-24- 08450 Llinars del Vallès- Barcelona;Jornada 19;"Juvenil ""A""";;07. Juvenil;Fútbol sala
;;C.E.F.S. Granollers;3 - 2;F.s. Borges;HERMAN TORTA RECHE- JOSEP GONZALEZ GARCIA- ROGER TORRENT ARNAU;28/04/2018;19:00;PavellÓ Municipal De Can Bassa;Jornada 22;NACIONAL CATALANA 2017-18;;01. Nacional Catalana 2017-2018;Fútbol sala
;;Albelda Futsal;6 - 1;F.S. Begues;DAVID MACARULLA CASTAÑEDA- ELI GASCÓN PEREIRO- OSCAR CRUZ OSUNA;28/04/2018;19:00;Poliesportiu Municipal Tamarite de Litera- Camino Piscinas- 6 - Tamarite de Litera;Jornada 22;PRIMERA NACIONAL 2017-18;;02. Primera Nacional 2017-2018;Fútbol sala
;;F.s. Unión Llagostense MecMan B;4 - 1;A.E. Les Botigues De Sitges;MANUEL MALDONADO LOPEZ- MARIANO BURGOS BONAVENTURA- MIQUEL VILASECA BARRUFET;28/04/2018;19:00;Complex esportiu municipal El Turó- Carrer de Joaquim Blume- La Llagosta- Espanya;Jornada 22;PRIMERA NACIONAL 2017-18;;02. Primera Nacional 2017-2018;Fútbol sala
;;Betània Patmos Barcelona B;3 - 1;C.E. Maristes De Rubí;JOEL JIMENEZ RODRIGUEZ- SAMUEL SERRANO MATA;28/04/2018;19:30;PavellÓ Universitat De Barcelona;Jornada 22;1a Territorial A;;03. 1a Territorial 2017-2018;Fútbol sala
;;Padre Damian Sagrados Corazones;3 - 1;"Montsant Sala 5 ""A""";DAVID GALLARDO BARÓ- DAVID GUILLÉN CUELLAR- MARCO ANTONIO GALLARDO BARÓ;28/04/2018;20:00;Poliesportiu Padre Damián Sagrados Corazones;Jornada 22;NACIONAL CATALANA 2017-18;;01. Nacional Catalana 2017-2018;Fútbol sala
;;C.F.S. Clot B;1 - 1;A.E.F.S. Montgat;JOAN RAMON BERNARDO MAÑÉ- MATILDE GOMEZ VIÑARAS- RAUL GONZALEZ MONJO;28/04/2018;20:00;CEM Bac de Roda- Rambla de Guipúscoa- Barcelona- Espanya;Jornada 22;PRIMERA NACIONAL 2017-18;;02. Primera Nacional 2017-2018;Fútbol sala
;;C.f.s. Alcalà Prat - Bar La Terraza;4 - 2;C.F.S. Lliça De Vall;CARLOS ARANDA PORTILLO- CARLOS GÓMEZ GONZÁLEZ- GABRIEL MORALES CAÑAS;28/04/2018;20:00;CEM SAGNIER- EL Prat de Llobregat- C/Federica Montseny s/n;Jornada 22;PRIMERA NACIONAL 2017-18;;02. Primera Nacional 2017-2018;Fútbol sala
;;"Olimpic Argentona Aleví ""B""";2 - 4;C.F.S. La Garriga Aleví;PABLO GARCIA LLUBIA;29/04/2018;10:00;Pavelló Municipal d' Argentona;Jornada 8;"Aleví ""A""";;10. Aleví;Fútbol sala
;;Teià F5 Juvenil Nacional;2 - 3;Sagrerenc C.E. Juvenil Nacional A;ANTONIO RUIZ MANCHON- MARC GUINOVART PLANA;29/04/2018;10:00;Poliesportiu Municipal El Cim- Carrer Josep Puigoriol s/n- Teià;Jornada 16;Juvenil Nacional;;06. Juvenil Nacional;Fútbol sala
;;"Futsal Dante ""B""";4 - 3;F.S Union La Salut Badalona A;JOSE RIZO GOMEZ- MATILDE GOMEZ VIÑARAS;29/04/2018;10:00;Parc Creueta del Coll- Passeig de la Mare de Déu del Coll- Barcelona- Espanya;Jornada 22;1a Territorial B;;03. 1a Territorial 2017-2018;Fútbol sala
;;Olímpic Argentona Cadet;4 - 2;A.E. Tiana Cadet;PABLO GARCIA LLUBIA;29/04/2018;11:00;Pavelló Municipal d' Argentona;Jornada 19;"Cadet ""A""";;08. Cadet;Fútbol sala
;;Betania F.S.Juvenil;5 - 8;Futbol Sala Corbera Juvenil;JOAN RAMON BERNARDO MAÑÉ;29/04/2018;12:00;Trinitat Vella Centre Esportiu Municipal;Jornada 19;"Juvenil ""B""";;07. Juvenil;Fútbol sala
;;C.E.F.S. Granollers B;3 - 5;C.F.S. La Garriga;JOEL JIMENEZ RODRIGUEZ- JOSE MANUEL GÜISADO PLIBERSCHNIG;29/04/2018;12:00;Pavello Municipal El Parquet carrer lluis companys- 10 08401 granollers;Jornada 22;1a Territorial A;;03. 1a Territorial 2017-2018;Fútbol sala
;;"Olímpic Argentona ""B""";4 - 2;"Orange Futsal Castellbisbal ""B""";PABLO GARCIA LLUBIA;29/04/2018;12:00;Pavelló Municipal d' Argentona;Jornada 25;2a. Territorial A;;04. 2ª Territorial 2017-2018;Fútbol sala
;;C.E.S. Sabadell;0 - 0;F.S. Viladecavalls;DAVID VALIENTE MARTIN;29/04/2018;12:00;Complex Esportiu Municipal Sant Oleguer- Camí Can Quadres- Sabadell- Espanya;Jornada 25;2a. Territorial A;;04. 2ª Territorial 2017-2018;Fútbol sala
;;Teià Futbol Cinc B;1 - 1;Olímpic Argentona;ANTONIO RUIZ MANCHON- MARC GUINOVART PLANA;29/04/2018;12:30;Poliesportiu Municipal El Cim- Carrer Josep Puigoriol s/n- Teià;Jornada 22;1a Territorial A;;03. 1a Territorial 2017-2018;Fútbol sala
;;F.S Union La Salut Badalona B;6 - 2;Futbolmania F.S.;MARIANO BURGOS BONAVENTURA;29/04/2018;12:30;Polideportivo Municipal Llefia;Jornada 25;2a. Territorial A;;04. 2ª Territorial 2017-2018;Fútbol sala
;;Betis Catalunya F.S. B;4 - 4;F.S. Esclop;SAMUEL SERRANO MATA;29/04/2018;17:00;Poliesportiu Bon Pastor;Jornada 25;2a. Territorial A;;04. 2ª Territorial 2017-2018;Fútbol sala
;;E.F.S. Ripoll;6 - 2;Futsal Dante;JORDI GAITX PLA- OSCAR KEVIN GUTIERREZ GUTIERREZ- RICARD MARQUEZ SIMONI;29/04/2018;18:00;Pavello Municipal De Ripoll;Jornada 22;NACIONAL CATALANA 2017-18;;01. Nacional Catalana 2017-2018;Fútbol sala
;;Betis Catalunya F.S.;2 - 4;F.S. La Salut;JONATHAN GALVIS ARANGO- SAMUEL SERRANO MATA;29/04/2018;18:15;Poliesportiu Bon Pastor;Jornada 22;1a Territorial B;;03. 1a Territorial 2017-2018;Fútbol sala
;;Athletic Torre Roja;9 - 8;CFS Ibers Santa Coloma;DOMENEC FOLGUERA AMPURDANES- ELVIA ELOISA CARDENAS RAMOS;29/04/2018;19:15;Avinguda dels Germans Gabrielistes- 16- Viladecans- Espanya;Jornada 22;1a Territorial B;;03. 1a Territorial 2017-2018;Fútbol sala
;;C.F.S. Clot A;2 - 2;Betània Patmos Barcelona;CARLOS GÓMEZ GONZÁLEZ- MATILDE GOMEZ VIÑARAS- SERGIO RODRIGUEZ PEREZ;29/04/2018;20:00;CEM Bac de Roda- Rambla de Guipúscoa- Barcelona- Espanya;Jornada 22;NACIONAL CATALANA 2017-18;;01. Nacional Catalana 2017-2018;Fútbol sala
;;F.S. Viladecavalls;2 - 3;F.S. Esclop;DAVID VALIENTE MARTIN;05/05/2018;12:00;poliesportiu municipal de viladecavalls;Jornada 23;2a. Territorial A;;04. 2ª Territorial 2017-2018;Fútbol sala
;;"Pony´s Futbol Sala ""A""";5 - 0;F.S. Llinars Senior Femeni;DAVID GUILLÉN CUELLAR- NICOLAS ANDRES VALBUENA TORRES;05/05/2018;15:30;Poliesportiu Estacio Del Nord;Jornada 16;Nacional Femenina A;;05. Nacional Femenina;Fútbol sala
;;C.E.F.S. Granollers Cadet;13 - 6;E.P. Badalona Centre Cadet;DAVID VALIENTE MARTIN;05/05/2018;16:00;PavellÓ Municipal De Can Bassa;Jornada 13;"Cadet ""B""";;08. Cadet;Fútbol sala
;;C.F.S. Lliça De Vall;6 - 6;F.S. Begues;JORDI GAITX PLA- OSCAR KEVIN GUTIERREZ GUTIERREZ- RICARD MARQUEZ SIMONI;05/05/2018;16:00;Pavelló Municipal De Lliça De Vall;Jornada 21;PRIMERA NACIONAL 2017-18;;02. Primera Nacional 2017-2018;Fútbol sala
;;C.E. Orange Papiol;4 - 3;"Gelida Industrial F.S.C. ""A""";ALBERTO IGLESIAS PALOMARES- JOAN RAMON BERNARDO MAÑÉ- SERGIO RODRIGUEZ PEREZ;05/05/2018;17:00;PavellÓ Poliesportiu Municipal El Papiol;Jornada 15;PRIMERA NACIONAL 2017-18;;02. Primera Nacional 2017-2018;Fútbol sala
;;"F.S. Tèlic Group Bigues i Riells Juvenil ""B""";2 - 4;Escola de Futsal Grèvol Juvenil;JORDI GAITX PLA;05/05/2018;18:00;Pavellon Can Badell- Avinguda Prat de la Riba- Bigues i Riells- Espanya;Jornada 19;"Juvenil ""B""";;07. Juvenil;Fútbol sala
;;A.E.F.S. Montgat;4 - 2;F.s. Unión Llagostense MecMan B;JONATHAN GALVIS ARANGO- JOSE RIZO GOMEZ- MARI CARMEN DELGADO MORALES;05/05/2018;18:00;Pavelló Municipal De Montgat;Jornada 21;PRIMERA NACIONAL 2017-18;;02. Primera Nacional 2017-2018;Fútbol sala
;;C.C.A. Plaza Macael B;1 - 3;Penya Recreativa Sant Feliu de Llobregat;DAVID VALIENTE MARTIN- MARC GUINOVART PLANA;05/05/2018;18:00;Polideportivo Can Vidalet- Esplugues de Llobregat- Espanya;Jornada 22;1a Territorial B;;03. 1a Territorial 2017-2018;Fútbol sala
;;C.e. Gadex B;5 - 4;"Olímpic Argentona ""B""";OMAR DOUAS BERROHOUY;05/05/2018;18:15;Pavelló esports c/ sol i padris- 59 08203 Sabadell;Jornada 17;2a. Territorial A;;04. 2ª Territorial 2017-2018;Fútbol sala
;;Sants Atletic F.S.;2 - 1;Athletic Torre Roja;DAVID GUILLÉN CUELLAR- NICOLAS ANDRES VALBUENA TORRES;05/05/2018;20:30;Complex Esportiu La Báscula- Barcelona- Espanya;Jornada 19;1a Territorial B;;03. 1a Territorial 2017-2018;Fútbol sala
;;F.S. Hostalriquenc Juvenil;2 - 2;C.E. Gadex Juvenil;GABINO FERNÁNDEZ SEGURA;06/05/2018;11:00;Pavelló Municipal d' Hostalric;Jornada 11;"Juvenil ""A""";;07. Juvenil;Fútbol sala
;;A.E. Les Botigues De Sitges;4 - 2;C.E. Orange Papiol;DAVID GUILLÉN CUELLAR- JOSE PEDRO CASES FERNANDEZ- MARIANO BENITO HERRERO;06/05/2018;12:00;Poliesportiu De Pins Vens;Jornada 11;PRIMERA NACIONAL 2017-18;;02. Primera Nacional 2017-2018;Fútbol sala
;;F.S. Viladecavalls;3 - 2;Futbolmania F.S.;DAVID VALIENTE MARTIN;06/05/2018;12:00;poliesportiu municipal de viladecavalls;Jornada 17;2a. Territorial A;;04. 2ª Territorial 2017-2018;Fútbol sala
;;"Athletic Arrahona - Can Jonqueres ""A""";1 - 5;C.F.S. Inter Raudovan Hospitalet;JOEL JIMENEZ RODRIGUEZ- RAUL GONZALEZ MONJO;06/05/2018;12:15;Pavelló esports c/ sol i padris- 59 08203 Sabadell;Jornada 21;1a Territorial A;;03. 1a Territorial 2017-2018;Fútbol sala
;;F.C. Ivars De Noguera;5 - 0;"Club Futsal Alcarràs ""B""";ELI GASCÓN PEREIRO- GERMAN MARTIN FERNANDEZ;06/05/2018;17:00;Zona Esportiva Municipal Carrer Professor Gimeno- 1- 25122 Ivars de Noguera- Lleida;Jornada 15;1a Territorial D;;03. 1a Territorial 2017-2018;Fútbol sala
;;C.F.S. La Garriga;2 - 3;C.E. Maristes De Rubí;ANTONIO RUIZ MANCHON- DAVID VALIENTE MARTIN;09/05/2018;21:00;Poliesportiu Can Noguera;Jornada 20;1a Territorial A;;03. 1a Territorial 2017-2018;Fútbol sala
;;Grup de Joves Can Tusell Cadet;3 - 3;"Futbol Sala Corbera Cadet ""A""";DOMENEC FOLGUERA AMPURDANES;11/05/2018;19:30;Pista Pol. De Can Tusell (gespa Artificial);Jornada 17;"Cadet ""A""";;08. Cadet;Fútbol sala
;;Betània Patmos Barcelona Juvenil C;5 - 1;Escola de Futsal Grèvol Juvenil;ADRIA VENTEO GONZÁLEZ;11/05/2018;20:00;Escola Betània Patmos- Carrer de Montevideo- Barcelona- Espanya;Jornada 17;"Juvenil ""B""";;07. Juvenil;Fútbol sala
;;F.S Union La Salut Badalona A;2 - 4;"Padre Damián Sagrados Corazones ""B""";ADRIA VENTEO GONZÁLEZ- MATILDE GOMEZ VIÑARAS;12/05/2018;10:00;CEM Besòs Ronda Sant Ramon de Penyafort s/n 08930 SAnt Adrià de Besòs;Jornada 23;1a Territorial B;;03. 1a Territorial 2017-2018;Fútbol sala
;;A.E. Moià Aleví;3 - 5;C.F.S. La Garriga Aleví;JORDI GAITX PLA;12/05/2018;10:30;Pavelló Municipal d'Esports- Moià- Espanya;Jornada 20;"Aleví ""A""";;10. Aleví;Fútbol sala
;;A.E. Sallent Juvenil;0 - 1;Betània Patmos Barcelona Juvenil B;RICARD MARQUEZ SIMONI;12/05/2018;11:00;Pavello Municipal- Carrer Verge del Pilar- Sallent de Llobregat- España;Jornada 20;"Juvenil ""A""";;07. Juvenil;Fútbol sala
;;"Escola de Futsal Grèvol Cadet ""A""";4 - 2;Futsal Dante Cadet;LAURA PUCHE BARRANQUERO;12/05/2018;11:10;Pavelló Grèvol- Carrer Provençals- 9 Barcelona;Jornada 20;"Cadet ""B""";;08. Cadet;Fútbol sala
;;A.E. Sallent Cadet;2 - 1;Olímpic Argentona Cadet;RICARD MARQUEZ SIMONI;12/05/2018;12:15;Pavello Municipal- Carrer Verge del Pilar- Sallent de Llobregat- España;Jornada 20;"Cadet ""A""";;08. Cadet;Fútbol sala
;;Escola de Futsal Grèvol Juvenil;9 - 3;C.E. Maristes De Rubí Juvenil;LAURA PUCHE BARRANQUERO;12/05/2018;12:20;Pavelló Grèvol- Carrer Provençals- 9 Barcelona;Jornada 20;"Juvenil ""B""";;07. Juvenil;Fútbol sala
;;Sagrerenc C.E. Cadet A;3 - 2;"Futbol Sala Corbera Cadet ""A""";ALBERT GONZALEZ GARCIA;12/05/2018;12:45;Poliesportiu Municipal La Sagrera - C/Honduras- 2 Barcelona;Jornada 20;"Cadet ""A""";;08. Cadet;Fútbol sala
;;"Padre Damián Sagrados Corazones ""C""";0 - 5;Atletic Arrahona B;JOSE MANUEL GÜISADO PLIBERSCHNIG;12/05/2018;13:00;Poliesportiu Padre Damián Sagrados Corazones;Jornada 26;2a. Territorial A;;04. 2ª Territorial 2017-2018;Fútbol sala
;;Futbolmania F.S.;0 - 4;Futbol Sala Colomense;JOSE RIZO GOMEZ;12/05/2018;13:15;Poliesportiu Municipal Montigala;Jornada 26;2a. Territorial A;;04. 2ª Territorial 2017-2018;Fútbol sala
;;Neurofutbol F.S.;6 - 5;E.P. Badalona Centre Cadet;OMAR DOUAS BERROHOUY;12/05/2018;14:00;Ciudad Deportiva Fundación Marcet- Av. Can Marcet- 08035 Barcelona;Jornada 20;"Cadet ""B""";;08. Cadet;Fútbol sala
;;Sagrerenc C.E. Juvenil B;2 - 2;F.S. Llinars Juvenil;JOSE MANUEL GÜISADO PLIBERSCHNIG;12/05/2018;15:30;Poliesportiu Municipal La Sagrera - C/Honduras- 2 Barcelona;Jornada 20;"Juvenil ""A""";;07. Juvenil;Fútbol sala
;;Escola Pia Santa Anna Mataró B;3 - 4;C.E.F.S. Granollers B;ANTONIO RUIZ MANCHON- MARC MIRON RUIZ;12/05/2018;15:30;Escola Pia Santa Anna Mataró- Carrer de Sant Agustí- Mataró- Espanya;Jornada 23;1a Territorial A;;03. 1a Territorial 2017-2018;Fútbol sala
;;Futbol Sala Corbera Juvenil;5 - 3;"F.S. Esclop Juvenil ""B""";DAVID VALIENTE MARTIN;12/05/2018;16:00;Pabellón Municipal de Deportes- C/Josep Tarradellas- 08757 Corbera de Llobregat;Jornada 20;"Juvenil ""B""";;07. Juvenil;Fútbol sala
;;C.f.s. Alcalà Prat - Bar La Terraza Cadet;1 - 2;A.E. Moià Cadet;JOEL JIMENEZ RODRIGUEZ;12/05/2018;16:00;CEM SAGNIER- EL Prat de Llobregat- C/Federica Montseny s/n;Jornada 20;"Cadet ""A""";;08. Cadet;Fútbol sala
;;F.S. Esclop Aleví;2 - 2;A.E. Sallent Aleví;LAURA PUCHE BARRANQUERO;12/05/2018;16:00;Col·legi Públic Gaudí- Carrer d'Ordesa- Sabadell- Espanya;Jornada 20;"Aleví ""A""";;10. Aleví;Fútbol sala
;;Penya Recreativa Sant Feliu de Llobregat;2 - 4;Betis Catalunya F.S.;ADRIA VENTEO GONZÁLEZ- MIQUEL VILASECA BARRUFET;12/05/2018;16:00;Pavelló Andrei Xepkin Carrer Mataró- 4- 08980 Sant Feliu de Llobregat- Barcelona;Jornada 23;1a Territorial B;;03. 1a Territorial 2017-2018;Fútbol sala
;;C.F.S. Lliça De Vall;3 - 5;Albelda Futsal;HERMAN TORTA RECHE- ISMAEL CHAMERO RIVERO- MARIANO BURGOS BONAVENTURA;12/05/2018;16:00;Pavelló Municipal De Lliça De Vall;Jornada 23;PRIMERA NACIONAL 2017-18;;02. Primera Nacional 2017-2018;Fútbol sala
;;A.C.E. Sansur B;3 - 8;Athletic Torre Roja;JONATHAN GALVIS ARANGO- RICARD MARQUEZ SIMONI;12/05/2018;16:30;Poliesportiu Espanya Industrial;Jornada 23;1a Territorial B;;03. 1a Territorial 2017-2018;Fútbol sala
;;CFS Sagrada Familia;0 - 5;"Futsal Dante ""B""";JORDI GAITX PLA- OSCAR KEVIN GUTIERREZ GUTIERREZ;12/05/2018;17:00;Passeig Marítim de la Barceloneta- 33- 08003 Barcelona;Jornada 23;1a Territorial B;;03. 1a Territorial 2017-2018;Fútbol sala
;;Sagrerenc C.E. B;3 - 1;C.E.F.S. Granollers C;JOSE MANUEL GÜISADO PLIBERSCHNIG- MATILDE GOMEZ VIÑARAS;12/05/2018;17:00;Poliesportiu Municipal La Sagrera - C/Honduras- 2 Barcelona;Jornada 23;1a Territorial B;;03. 1a Territorial 2017-2018;Fútbol sala
;;F.S. Esclop;5 - 5;C.E.S. Sabadell;LAURA PUCHE BARRANQUERO;12/05/2018;17:00;Escola Torreguitart Carrer de Vallirana- 14- 08207 Sabadell- Barcelona;Jornada 26;2a. Territorial A;;04. 2ª Territorial 2017-2018;Fútbol sala
;;Betània Patmos Barcelona Juvenil Nacional;10 - 3;E.F.S. Alta Segarra Juvenil Nacional;ALBERTO IGLESIAS PALOMARES- ROGER TORRENT ARNAU;12/05/2018;18:00;PavellÓ Universitat De Barcelona;Jornada 17;Juvenil Nacional;;06. Juvenil Nacional;Fútbol sala
;;C.F.S. La Garriga Juvenil A;3 - 5;C.C.A. Plaza Macael Juvenil;DOMENEC FOLGUERA AMPURDANES;12/05/2018;18:00;Poliesportiu Can Noguera;Jornada 20;"Juvenil ""B""";;07. Juvenil;Fútbol sala
;;C.e. Gadex B;2 - 3;F.S Union La Salut Badalona B;ADRIA VENTEO GONZÁLEZ;12/05/2018;18:00;Pavelló esports c/ sol i padris- 59 08203 Sabadell;Jornada 23;2a. Territorial A;;04. 2ª Territorial 2017-2018;Fútbol sala
;;A.E.F.S. Montgat;1 - 0;C.E. Orange Papiol;CARLOS ARANDA PORTILLO- GABRIEL MORALES CAÑAS- JOAN RAMON BERNARDO MAÑÉ;12/05/2018;18:00;Pavelló Municipal De Montgat;Jornada 23;PRIMERA NACIONAL 2017-18;;02. Primera Nacional 2017-2018;Fútbol sala
;;AE Empenta - El Pilar Juvenil Nacional;3 - 5;Banús Futsal Juvenil Nacional;ANTONIO RUIZ MANCHON- MARC MIRON RUIZ;12/05/2018;18:30;Pista Poliesportiva Voramar;Jornada 17;Juvenil Nacional;;06. Juvenil Nacional;Fútbol sala
;;A.E. Tiana Cadet;3 - 5;Grup de Joves Can Tusell Cadet;FRANCISCO JAVIER LORENTE PLANA;12/05/2018;18:30;Poliesportiu Municipal De Tiana;Jornada 20;"Cadet ""A""";;08. Cadet;Fútbol sala
;;E.F.S. Alta Segarra;1 - 6;Padre Damian Sagrados Corazones;DAVID MACARULLA CASTAÑEDA- ELI GASCÓN PEREIRO- GERMAN MARTIN FERNANDEZ;12/05/2018;18:30;Pavelló Municipal De Calaf;Jornada 23;NACIONAL CATALANA 2017-18;;01. Nacional Catalana 2017-2018;Fútbol sala
;;F.S. Tèlic Group Bigues i Riells;5 - 3;F.s. Unión Llagostense MecMan B;HERMAN TORTA RECHE- ISMAEL CHAMERO RIVERO- MARIANO BURGOS BONAVENTURA;12/05/2018;18:30;Pavellon Can Badell- Avinguda Prat de la Riba- Bigues i Riells- Espanya;Jornada 23;PRIMERA NACIONAL 2017-18;;02. Primera Nacional 2017-2018;Fútbol sala
;;C.E. Maristes De Rubí Cadet;1 - 3;Betània Patmos Barcelona Cadet;JOEL JIMENEZ RODRIGUEZ;12/05/2018;19:00;Pavello Maristes de Rubi- magallanes 65 Rubi;Jornada 20;"Cadet ""B""";;08. Cadet;Fútbol sala
;;F.s. Borges;2 - 3;A.C.E. Sansur;ELI GASCÓN PEREIRO- LLUIS GONZALEZ BEAS- OSCAR CRUZ OSUNA;12/05/2018;19:00;PAVELLO MUNICIPAL DE LES BORGES BLANQUES;Jornada 23;NACIONAL CATALANA 2017-18;;01. Nacional Catalana 2017-2018;Fútbol sala
;;Jesuïtes Clot Juvenil Nacional;-;A.C. Coloso Juvenil Nacional;MARI CARMEN DELGADO MORALES- NICOLAS ANDRES VALBUENA TORRES;12/05/2018;19:15;Pista Poliesportiva Clot De La Mel;Jornada 17;Juvenil Nacional;;06. Juvenil Nacional;Fútbol sala
;;C.e. Gadex;4 - 5;"Athletic Arrahona - Can Jonqueres ""A""";ADRIA VENTEO GONZÁLEZ- MIQUEL VILASECA BARRUFET;12/05/2018;19:30;Pavellò Municipal d'esports Carrer sol i padris a Sabadell;Jornada 22;1a Territorial A;;03. 1a Territorial 2017-2018;Fútbol sala
;;Betània Patmos Barcelona;4 - 0;C.E.F.S. Granollers;ALBERTO IGLESIAS PALOMARES- JOSEP GONZALEZ GARCIA- ROGER TORRENT ARNAU;12/05/2018;19:30;Pavelló Universitat de Barcelona- Avinguda Diagonal 695-701 Barcelona;Jornada 23;NACIONAL CATALANA 2017-18;;01. Nacional Catalana 2017-2018;Fútbol sala
;;C.F.S. La Garriga;-;Betània Patmos Barcelona B;DOMENEC FOLGUERA AMPURDANES- ELVIA ELOISA CARDENAS RAMOS;12/05/2018;19:30;Poliesportiu Can Noguera;Jornada 23;1a Territorial A;;03. 1a Territorial 2017-2018;Fútbol sala
;;F.S. Racing Llavaneres;2 - 9;C.F.S. Inter Raudovan Hospitalet;DAVID VALIENTE MARTIN- SANDRA GARRIS CUBA;12/05/2018;20:00;Poliesportiu De Sant Andreu De Llavaneres;Jornada 23;1a Territorial A;;03. 1a Territorial 2017-2018;Fútbol sala
;;Olímpic Argentona;8 - 1;Can Palet FS;ISMAEL BENKHAJOU BAKKALI- OMAR DOUAS BERROHOUY;12/05/2018;20:00;Pavelló Municipal d' Argentona;Jornada 23;1a Territorial A;;03. 1a Territorial 2017-2018;Fútbol sala
;;C.f.s. Alcalà Prat - Bar La Terraza;3 - 1;Teià Futbol Cinc;JORDI GAITX PLA- OSCAR KEVIN GUTIERREZ GUTIERREZ- RICARD MARQUEZ SIMONI;12/05/2018;20:00;CEM SAGNIER- EL Prat de Llobregat- C/Federica Montseny s/n;Jornada 24;PRIMERA NACIONAL 2017-18;;02. Primera Nacional 2017-2018;Fútbol sala
;;F.S. Viladecavalls;5 - 2;A.E. Tiana B;RAUL GONZALEZ MONJO;12/05/2018;20:00;poliesportiu municipal de viladecavalls;Jornada 26;2a. Territorial A;;04. 2ª Territorial 2017-2018;Fútbol sala
;;"Olimpic Argentona Aleví ""B""";5 - 5;"Olimpic Argentona Aleví ""A""";DAVID VALIENTE MARTIN;13/05/2018;09:00;Pavelló Municipal d' Argentona;Jornada 20;"Aleví ""A""";;10. Aleví;Fútbol sala
;;C.E. Maristes De Rubí Aleví B;6 - 7;Sagrerenc C.E. Aleví;LAURA PUCHE BARRANQUERO;13/05/2018;10:00;Pavello Maristes de Rubi- magallanes 65 Rubi;Jornada 20;"Aleví ""A""";;10. Aleví;Fútbol sala
;;"Orange Futsal Castellbisbal ""B""";0 - 3;Montsant Sala5 B;FRANCISCO JAVIER LORENTE PLANA;13/05/2018;10:00;PavellÓ Poliesportiu Municipal El Papiol;Jornada 26;2a. Territorial A;;04. 2ª Territorial 2017-2018;Fútbol sala
;;C.F.S. La Garriga Pre-benjamí;10 - 0;Olimpic Argentona Pre-benjamí;HERMAN TORTA RECHE;13/05/2018;11:00;Can Violí- Avinguda 11 de Setembre- s/n- 08530 La Garriga- Barcelona;Jornada 9;Pre-benjami Copa;;12. Pre-benjami;Fútbol sala
;;F.S. Llinars Aleví;10 - 0;A.E. Centelles Aleví;ANTONIO RUIZ MANCHON;13/05/2018;11:15;Pavelló annex de Llinars del Vallès - Av. Pau Casals- 22-24- 08450 Llinars del Vallès- Barcelona;Jornada 20;"Aleví ""A""";;10. Aleví;Fútbol sala
;;"Montsant Sala 5 ""A""";5 - 2;F.S. Unión Llagostense MecMan;ISMAEL CHAMERO RIVERO- MARIANO BURGOS BONAVENTURA- MATILDE GOMEZ VIÑARAS;13/05/2018;11:45;Institut Barcelona Congrés- Carrer del Baró d'Esponellà- Barcelona- Espanya;Jornada 23;NACIONAL CATALANA 2017-18;;01. Nacional Catalana 2017-2018;Fútbol sala
;;F.s. Unión Llagostense MecMan Juvenil Nacional;6 - 3;Sagrerenc C.E. Juvenil Nacional A;ISMAEL BENKHAJOU BAKKALI- JOSE RIZO GOMEZ;13/05/2018;12:00;Complex esportiu municipal El Turó- Carrer de Joaquim Blume- La Llagosta- Espanya;Jornada 17;Juvenil Nacional;;06. Juvenil Nacional;Fútbol sala
;;Olimpic Argentona Juvenil;1 - 2;C.E. Gadex Juvenil;LAUREANO PILAR VILLALBA;13/05/2018;12:00;Pavelló Municipal d' Argentona;Jornada 20;"Juvenil ""A""";;07. Juvenil;Fútbol sala
;;F.S. Hostalriquenc Juvenil;7 - 1;"F.S. Esclop Juvenil ""A""";FRANCISCO JAVIER SANGUINO BLANQUIÑO;13/05/2018;12:00;Pavelló Municipal d' Hostalric;Jornada 20;"Juvenil ""A""";;07. Juvenil;Fútbol sala
;;C.F.S. La Garriga Aleví;6 - 3;F.S. Esclop Aleví;HERMAN TORTA RECHE;13/05/2018;12:00;Can Violí- Avinguda 11 de Setembre- s/n- 08530 La Garriga- Barcelona;Jornada 21;"Aleví ""A""";;10. Aleví;Fútbol sala
;;"Athletic Arrahona - Can Jonqueres ""A""";2 - 3;Teià Futbol Cinc B;JOEL JIMENEZ RODRIGUEZ- PAOLO FORTUNATI RUBEIS;13/05/2018;12:15;Pavelló esports c/ sol i padris- 59 08203 Sabadell;Jornada 23;1a Territorial A;;03. 1a Territorial 2017-2018;Fútbol sala
;;Teià Futbol Cinc;6 - 4;Escola Pia Santa Anna Mataró;DAVID VALIENTE MARTIN- RAUL GONZALEZ MONJO- SANDRA GARRIS CUBA;13/05/2018;12:30;Poliesportiu Municipal El Cim- Carrer Josep Puigoriol s/n- Teià;Jornada 23;PRIMERA NACIONAL 2017-18;;02. Primera Nacional 2017-2018;Fútbol sala
;;Futsal Dante;8 - 5;Sagrerenc C.E. A;CARLOS GÓMEZ GONZÁLEZ- JONATHAN GALVIS ARANGO- JOSEP GONZALEZ GARCIA;13/05/2018;13:15;Parc Creueta del Coll- Passeig de la Mare de Déu del Coll- Barcelona- Espanya;Jornada 23;NACIONAL CATALANA 2017-18;;01. Nacional Catalana 2017-2018;Fútbol sala
;;Betis Catalunya F.S. B;1 - 5;C.e. Gadex B;LAUREANO PILAR VILLALBA;13/05/2018;13:45;Poliesportiu Bon Pastor;Jornada 26;2a. Territorial A;;04. 2ª Territorial 2017-2018;Fútbol sala
;;F.S. La Salut;3 - 5;Sants Atletic F.S.;DOMENEC FOLGUERA AMPURDANES- ELVIA ELOISA CARDENAS RAMOS;13/05/2018;15:00;Parc Creueta del Coll- Passeig de la Mare de Déu del Coll- Barcelona- Espanya;Jornada 23;1a Territorial B;;03. 1a Territorial 2017-2018;Fútbol sala
;;Montsant Sala 5 Cadet;7 - 3;"Futbol Sala Corbera Cadet ""B""";ISMAEL BENKHAJOU BAKKALI;13/05/2018;16:00;Institut Barcelona Congrés- Carrer del Baró d'Esponellà- Barcelona- Espanya;Jornada 20;"Cadet ""B""";;08. Cadet;Fútbol sala
;;F.S. Llinars Cadet;6 - 1;F.S. Union Llagostense Mecman Cadet;DAVID VALIENTE MARTIN;13/05/2018;17:00;Pavelló annex de Llinars del Vallès - Av. Pau Casals- 22-24- 08450 Llinars del Vallès- Barcelona;Jornada 20;"Cadet ""A""";;08. Cadet;Fútbol sala
;;Athletic Torre Roja Cadet;4 - 9;"Escola de Futsal Grèvol Cadet ""B""";MARIANO BURGOS BONAVENTURA;13/05/2018;17:00;Avinguda dels Germans Gabrielistes- 16- Viladecans- Espanya;Jornada 20;"Cadet ""B""";;08. Cadet;Fútbol sala
;;A.E. Tiana;3 - 3;C.F.S. Clot A;ALBERT GONZALEZ GARCIA- ANTONIO RUIZ MANCHON- JOAN GIBERT REY;13/05/2018;17:00;Poliesportiu Municipal De Tiana;Jornada 23;NACIONAL CATALANA 2017-18;;01. Nacional Catalana 2017-2018;Fútbol sala
;;C.E. Maristes De Rubí;3 - 1;C.D Esmeralda Procell F.s.;LAUREANO PILAR VILLALBA- MARC GUINOVART PLANA;13/05/2018;17:30;Pavello Maristes de Rubi- magallanes 65 Rubi;Jornada 23;1a Territorial A;;03. 1a Territorial 2017-2018;Fútbol sala
;;Athletic Torre Roja Juvenil;4 - 4;Betània Patmos Barcelona Juvenil C;MARIANO BURGOS BONAVENTURA;13/05/2018;18:00;Avinguda dels Germans Gabrielistes- 16- Viladecans- Espanya;Jornada 20;"Juvenil ""B""";;07. Juvenil;Fútbol sala
;;CFS Ibers Santa Coloma;6 - 1;C.C.A. Plaza Macael B;MATILDE GOMEZ VIÑARAS- PAOLO FORTUNATI RUBEIS;13/05/2018;18:00;Pavelló Esportiu de la Bastida Carrer de Prat de la Riba- s/n 08921 Santa Coloma de Gramenet Barcelona;Jornada 23;1a Territorial B;;03. 1a Territorial 2017-2018;Fútbol sala
;;A.E. Les Botigues De Sitges;7 - 5;C.F.S. Clot B;CARLOS GÓMEZ GONZÁLEZ- JONATHAN GALVIS ARANGO- MARIANO BURGOS BONAVENTURA;13/05/2018;19:00;Pavelló Can Roca- Carrer del Castanyer- s/n 08860 Castelldefels- Barcelona;Jornada 23;PRIMERA NACIONAL 2017-18;;02. Primera Nacional 2017-2018;Fútbol sala
;;"Futbol Sala Corbera Cadet ""B""";8 - 4;E.P. Badalona Centre Cadet;DAVID VALIENTE MARTIN;15/05/2018;19:00;Pabellón Municipal de Deportes- C/Josep Tarradellas- 08757 Corbera de Llobregat;Jornada 17;"Cadet ""B""";;08. Cadet;Fútbol sala
;;"F.S. Esclop Juvenil ""B""";2 - 2;Betania F.S.Juvenil;OMAR DOUAS BERROHOUY;16/05/2018;20:30;Col·legi Públic Gaudí- Carrer d'Ordesa- Sabadell- Espanya;Jornada 21;"Juvenil ""B""";;07. Juvenil;Fútbol sala
;;F.S. Esclop;3 - 4;"Olímpic Argentona ""B""";DAVID VALIENTE MARTIN;17/05/2018;21:00;Escola Torreguitart Carrer de Vallirana- 14- 08207 Sabadell- Barcelona;Jornada 28;2a. Territorial A;;04. 2ª Territorial 2017-2018;Fútbol sala
;;Montsant Sala5 B;3 - 1;Atlètic Sant Boi;MIQUEL VILASECA BARRUFET;17/05/2018;21:50;Institut Barcelona Congrés- Carrer del Baró d'Esponellà- Barcelona- Espanya;Jornada 27;2a. Territorial A;;04. 2ª Territorial 2017-2018;Fútbol sala
;;Futsal Dante Cadet;9 - 2;E.P. Badalona Centre Cadet;MIQUEL VILASECA BARRUFET;18/05/2018;20:30;Parc Creueta del Coll- Passeig de la Mare de Déu del Coll- Barcelona- Espanya;Jornada 19;"Cadet ""B""";;08. Cadet;Fútbol sala
;;A.E. Sallent Cadet;10 - 1;F.S. Union Llagostense Mecman Cadet;RICARD MARQUEZ SIMONI;19/05/2018;09:30;Pavelló Municipal De Balsareny;Jornada 16;"Cadet ""A""";;08. Cadet;Fútbol sala
;;Montsant Sala 5 Juvenil;3 - 1;"F.S. Tèlic Group Bigues i Riells Juvenil ""B""";LAURA PUCHE BARRANQUERO;19/05/2018;10:00;Institut Barcelona Congrés- Carrer del Baró d'Esponellà- Barcelona- Espanya;Jornada 20;"Juvenil ""B""";;07. Juvenil;Fútbol sala
;;Betània Patmos Barcelona Juvenil B;5 - 0;A.E. Moià Juvenil;JOSE MANUEL GÜISADO PLIBERSCHNIG;19/05/2018;12:00;Escola Betània Patmos- Carrer de Montevideo- Barcelona- Espanya;Jornada 17;"Juvenil ""A""";;07. Juvenil;Fútbol sala
;;Sagrerenc C.E. Juvenil Nacional A;3 - 3;Betània Patmos Barcelona Juvenil Nacional;DAVID GALLARDO BARÓ- MARCO ANTONIO GALLARDO BARÓ;19/05/2018;12:00;Poliesportiu Municipal La Sagrera - C/Honduras- 2 Barcelona;Jornada 18;Juvenil Nacional;;06. Juvenil Nacional;Fútbol sala
;;"F.S. Esclop Juvenil ""A""";3 - 4;Sagrerenc C.E. Juvenil B;PAOLO FORTUNATI RUBEIS;19/05/2018;12:30;Col·legi Públic Gaudí- Carrer d'Ordesa- Sabadell- Espanya;Jornada 21;"Juvenil ""A""";;07. Juvenil;Fútbol sala
;;Jesuïtes Clot Juvenil Nacional;5 - 4;Teià F5 Juvenil Nacional;JOSE MANUEL GÜISADO PLIBERSCHNIG- NICOLAS ANDRES VALBUENA TORRES;19/05/2018;14:00;Pista Poliesportiva Clot De La Mel;Jornada 6;Juvenil Nacional;;06. Juvenil Nacional;Fútbol sala
;;F.S. Unión Llagostense MecMan;0 - 2;E.F.S. Alta Segarra;JONATHAN GALVIS ARANGO- JOSE RIZO GOMEZ- MARI CARMEN DELGADO MORALES;19/05/2018;16:00;Complex esportiu municipal El Turó- Carrer de Joaquim Blume- La Llagosta- Espanya;Jornada 24;NACIONAL CATALANA 2017-18;;01. Nacional Catalana 2017-2018;Fútbol sala
;;"Padre Damián Sagrados Corazones ""B""";4 - 3;"Futsal Dante ""B""";CARLOS ARANDA PORTILLO- GABRIEL MORALES CAÑAS;19/05/2018;16:00;Poliesportiu Padre Damián Sagrados Corazones;Jornada 24;1a Territorial B;;03. 1a Territorial 2017-2018;Fútbol sala
;;"Gelida Industrial F.S.C. ""A""";0 - 0;Albelda Futsal;JOEL JIMENEZ RODRIGUEZ- MANUEL MALDONADO LOPEZ- SERGIO RODRIGUEZ PEREZ;19/05/2018;16:15;Pavelló Municipal d'Esports de Gelida;Jornada 24;PRIMERA NACIONAL 2017-18;;02. Primera Nacional 2017-2018;Fútbol sala
;;"F.S. Telic Group Bigues i Riells Juvenil ""A""";7 - 0;F.S. Hostalriquenc Juvenil;JOSEP GONZALEZ GARCIA;19/05/2018;16:30;Pavellon Can Badell- Avinguda Prat de la Riba- Bigues i Riells- Espanya;Jornada 7;"Juvenil ""A""";;07. Juvenil;Fútbol sala
;;F.S. La Salut;0 - 0;CFS Sagrada Familia;DOMENEC FOLGUERA AMPURDANES- ELVIA ELOISA CARDENAS RAMOS;19/05/2018;16:30;Parc Creueta del Coll- Passeig de la Mare de Déu del Coll- Barcelona- Espanya;Jornada 24;1a Territorial B;;03. 1a Territorial 2017-2018;Fútbol sala
;;Atletic Arrahona B;7 - 4;"Orange Futsal Castellbisbal ""B""";BILAL ARROUCHDI;19/05/2018;16:30;Pavelló esports c/ sol i padris- 59 08203 Sabadell;Jornada 27;2a. Territorial A;;04. 2ª Territorial 2017-2018;Fútbol sala
;;C.E.F.S. Granollers C;5 - 1;F.S Union La Salut Badalona A;HERMAN TORTA RECHE- ROGER TORRENT ARNAU;19/05/2018;17:00;PavellÓ Municipal De Can Bassa;Jornada 24;1a Territorial B;;03. 1a Territorial 2017-2018;Fútbol sala
;;C.E. Orange Papiol;7 - 4;A.E. Les Botigues De Sitges;JORDI GAITX PLA- OSCAR KEVIN GUTIERREZ GUTIERREZ- RICARD MARQUEZ SIMONI;19/05/2018;17:00;PavellÓ Poliesportiu Municipal El Papiol;Jornada 24;PRIMERA NACIONAL 2017-18;;02. Primera Nacional 2017-2018;Fútbol sala
;;A.E. Tiana B;2 - 3;F.S. Esclop;ISMAEL BENKHAJOU BAKKALI;19/05/2018;17:00;Poliesportiu Municipal De Tiana;Jornada 27;2a. Territorial A;;04. 2ª Territorial 2017-2018;Fútbol sala
;;C.F.S. La Garriga;0 - 5;C.D Esmeralda Procell F.s.;ANTONIO RUIZ MANCHON- MARC MIRON RUIZ;19/05/2018;17:30;Poliesportiu Can Noguera;Jornada 24;1a Territorial A;;03. 1a Territorial 2017-2018;Fútbol sala
;;Padre Damian Sagrados Corazones;4 - 2;A.C.E. Sansur;CARLOS ARANDA PORTILLO- GABRIEL MORALES CAÑAS- JOAN RAMON BERNARDO MAÑÉ;19/05/2018;18:00;Poliesportiu Padre Damián Sagrados Corazones;Jornada 24;NACIONAL CATALANA 2017-18;;01. Nacional Catalana 2017-2018;Fútbol sala
;;Betània Patmos Barcelona B;6 - 0;C.E.F.S. Granollers B;NICOLAS ANDRES VALBUENA TORRES- PAOLO FORTUNATI RUBEIS;19/05/2018;18:00;Pavelló Universitat de Barcelona- Avinguda Diagonal 695-701 Barcelona;Jornada 24;1a Territorial A;;03. 1a Territorial 2017-2018;Fútbol sala
;;C.e. Gadex B;10 - 2;Futbolmania F.S.;LAUREANO PILAR VILLALBA;19/05/2018;18:00;Pavelló esports c/ sol i padris- 59 08203 Sabadell;Jornada 27;2a. Territorial A;;04. 2ª Territorial 2017-2018;Fútbol sala
;;C.E.F.S. Granollers;2 - 4;A.E. Tiana;HERMAN TORTA RECHE- JOSEP GONZALEZ GARCIA- ROGER TORRENT ARNAU;19/05/2018;19:00;PavellÓ Municipal De Can Bassa;Jornada 24;NACIONAL CATALANA 2017-18;;01. Nacional Catalana 2017-2018;Fútbol sala
;;Betània Patmos Barcelona;1 - 1;F.s. Borges;CARLOS GÓMEZ GONZÁLEZ- NICOLAS ANDRES VALBUENA TORRES- PAOLO FORTUNATI RUBEIS;19/05/2018;19:30;Pavelló Universitat de Barcelona- Avinguda Diagonal 695-701 Barcelona;Jornada 24;NACIONAL CATALANA 2017-18;;01. Nacional Catalana 2017-2018;Fútbol sala
;;Olímpic Argentona;3 - 2;Escola Pia Santa Anna Mataró B;ANTONIO RUIZ MANCHON- MARIANO BURGOS BONAVENTURA;19/05/2018;20:00;Pavelló Municipal d' Argentona;Jornada 24;1a Territorial A;;03. 1a Territorial 2017-2018;Fútbol sala
;;Sants Atletic F.S.;5 - 3;Penya Recreativa Sant Feliu de Llobregat;DAVID GALLARDO BARÓ- MARCO ANTONIO GALLARDO BARÓ;19/05/2018;20:30;Complex Esportiu La Báscula- Barcelona- Espanya;Jornada 24;1a Territorial B;;03. 1a Territorial 2017-2018;Fútbol sala
;;Betis Catalunya F.S.;2 - 1;CFS Ibers Santa Coloma;DOMENEC FOLGUERA AMPURDANES- ELVIA ELOISA CARDENAS RAMOS;20/05/2018;10:30;Poliesportiu Bon Pastor;Jornada 24;1a Territorial B;;03. 1a Territorial 2017-2018;Fútbol sala
;;Teià Futbol Cinc;6 - 0;C.E. Orange Papiol;DAVID GALLARDO BARÓ- DAVID GUILLÉN CUELLAR- MARCO ANTONIO GALLARDO BARÓ;20/05/2018;11:00;Poliesportiu Municipal El Cim- Carrer Josep Puigoriol s/n- Teià;Jornada 9;PRIMERA NACIONAL 2017-18;;02. Primera Nacional 2017-2018;Fútbol sala
;;F.s. Unión Llagostense MecMan B;5 - 9;F.S. Begues;JOEL JIMENEZ RODRIGUEZ- JOSE RIZO GOMEZ- MARI CARMEN DELGADO MORALES;20/05/2018;12:00;Complex esportiu municipal El Turó- Carrer de Joaquim Blume- La Llagosta- Espanya;Jornada 24;PRIMERA NACIONAL 2017-18;;02. Primera Nacional 2017-2018;Fútbol sala
;;Futbol Sala Colomense;3 - 1;Futbol Sala Corbera;MARIANO BURGOS BONAVENTURA;20/05/2018;12:00;Pavelló Esportiu de la Bastida Carrer de Prat de la Riba- s/n 08921 Santa Coloma de Gramenet Barcelona;Jornada 27;2a. Territorial A;;04. 2ª Territorial 2017-2018;Fútbol sala
;;"Olímpic Argentona ""B""";4 - 2;F.S. Viladecavalls;ANTONIO RUIZ MANCHON;20/05/2018;12:00;Pavelló Municipal d' Argentona;Jornada 27;2a. Territorial A;;04. 2ª Territorial 2017-2018;Fútbol sala
;;C.E.S. Sabadell;2 - 6;Betis Catalunya F.S. B;LAUREANO PILAR VILLALBA;20/05/2018;12:00;Complex Esportiu Municipal Sant Oleguer- Camí Can Quadres- Sabadell- Espanya;Jornada 27;2a. Territorial A;;04. 2ª Territorial 2017-2018;Fútbol sala
;;C.e. Gadex B;1 - 5;Atletic Arrahona B;ADRIA VENTEO GONZÁLEZ;20/05/2018;12:15;Pavellò Municipal d'esports Carrer sol i padris a Sabadell;Jornada 21;2a. Territorial A;;04. 2ª Territorial 2017-2018;Fútbol sala
;;C.F.S. Inter Raudovan Hospitalet;5 - 4;C.E. Maristes De Rubí;ALBERT GONZALEZ GARCIA- RAUL GONZALEZ MONJO;20/05/2018;12:15;Poliesportiu Zal Barcelona BCN- Carrer de la Mar Roja- Barcelona- España;Jornada 24;1a Territorial A;;03. 1a Territorial 2017-2018;Fútbol sala
;;F.S Union La Salut Badalona B;4 - 2;"Padre Damián Sagrados Corazones ""C""";DOMENEC FOLGUERA AMPURDANES;20/05/2018;12:30;Polideportivo Municipal Llefia;Jornada 27;2a. Territorial A;;04. 2ª Territorial 2017-2018;Fútbol sala
;;"F.S. Esclop Juvenil ""A""";3 - 3;"F.S. Telic Group Bigues i Riells Juvenil ""A""";PAOLO FORTUNATI RUBEIS;20/05/2018;13:00;Col·legi Públic Gaudí- Carrer d'Ordesa- Sabadell- Espanya;Jornada 11;"Juvenil ""A""";;07. Juvenil;Fútbol sala
;;C.F.S. Clot B;6 - 2;F.S. Tèlic Group Bigues i Riells;ISMAEL CHAMERO RIVERO- MARIANO BURGOS BONAVENTURA- MIQUEL VILASECA BARRUFET;20/05/2018;17:00;CEM Bac de Roda- Rambla de Guipúscoa- Barcelona- Espanya;Jornada 24;PRIMERA NACIONAL 2017-18;;02. Primera Nacional 2017-2018;Fútbol sala
;;C.C.A. Plaza Macael B;3 - 7;A.C.E. Sansur B;JOSE RIZO GOMEZ- NICOLAS ANDRES VALBUENA TORRES;20/05/2018;18:00;Polideportivo Can Vidalet- Esplugues de Llobregat- Espanya;Jornada 24;1a Territorial B;;03. 1a Territorial 2017-2018;Fútbol sala
;;C.F.S. Clot A;6 - 5;Futsal Dante;ISMAEL CHAMERO RIVERO- MARIANO BURGOS BONAVENTURA- MIQUEL VILASECA BARRUFET;20/05/2018;19:00;CEM Bac de Roda- Rambla de Guipúscoa- Barcelona- Espanya;Jornada 24;NACIONAL CATALANA 2017-18;;01. Nacional Catalana 2017-2018;Fútbol sala
;;Athletic Torre Roja;2 - 4;Sagrerenc C.E. B;ALBERTO IGLESIAS PALOMARES- CARLOS GÓMEZ GONZÁLEZ;20/05/2018;19:15;Avinguda dels Germans Gabrielistes- 16- Viladecans- Espanya;Jornada 24;1a Territorial B;;03. 1a Territorial 2017-2018;Fútbol sala
;;C.E. Maristes De Rubí Aleví A;13 - 3;F.S. Llinars Atletic Aleví;DAVID VALIENTE MARTIN;22/05/2018;18:45;Pavello Maristes de Rubi- magallanes 65 Rubi;Jornada 20;"Aleví ""A""";;10. Aleví;Fútbol sala
;;Atlètic Sant Boi;1 - 5;"Olímpic Argentona ""B""";LAUREANO PILAR VILLALBA;22/05/2018;21:00;Colegio Público Josep María Ciurana- Carrer Manuel de Falla- Sant Boi de Llobregat- España;Jornada 26;2a. Territorial A;;04. 2ª Territorial 2017-2018;Fútbol sala
;;AE Empenta - El Pilar Juvenil Nacional;10 - 5;Grup de Joves Can Tusell Juvenil Nacional;ANTONIO RUIZ MANCHON- MARC MIRON RUIZ;25/05/2018;20:15;Pavelló Poliesportiu Municipal de Premià de Mar Camí del Mig- 62- 08330 Premià de Mar- Barcelona;Jornada 15;Juvenil Nacional;;06. Juvenil Nacional;Fútbol sala
;;E.P. Badalona Centre Cadet;7 - 4;Athletic Torre Roja Cadet;GABRIEL MORALES CAÑAS;26/05/2018;10:00;Escola Jungfrau Carrer Vila Vall-Llebrera- s/n- 08911 Badalona;Jornada 21;"Cadet ""B""";;08. Cadet;Fútbol sala
;;Betània Patmos Barcelona Cadet;8 - 4;C.E.F.S. Granollers Cadet;FRANCISCO JAVIER LORENTE PLANA;26/05/2018;10:00;Escola Betània Patmos- Carrer de Montevideo- Barcelona- Espanya;Jornada 21;"Cadet ""B""";;08. Cadet;Fútbol sala
;;F.S Union La Salut Badalona A;6 - 3;Athletic Torre Roja;MARIANO BURGOS BONAVENTURA- MATILDE GOMEZ VIÑARAS;26/05/2018;10:00;CEM Besòs Ronda Sant Ramon de Penyafort s/n 08930 SAnt Adrià de Besòs;Jornada 25;1a Territorial B;;03. 1a Territorial 2017-2018;Fútbol sala
;;Sagrerenc C.E. Pre-benjamí;5 - 3;C.F.S. La Garriga Pre-benjamí;ISMAEL BENKHAJOU BAKKALI;26/05/2018;10:15;Poliesportiu Municipal La Sagrera - C/Honduras- 2 Barcelona;Jornada 10;Pre-benjami Copa;;12. Pre-benjami;Fútbol sala
;;A.E. Moià Cadet;5 - 3;A.E. Tiana Cadet;JORDI GAITX PLA;26/05/2018;10:30;Pavelló Municipal d'Esports- Moià- Espanya;Jornada 21;"Cadet ""A""";;08. Cadet;Fútbol sala
;;Betània Patmos Barcelona Juvenil C;6 - 5;Futbol Sala Corbera Juvenil;FRANCISCO JAVIER LORENTE PLANA;26/05/2018;11:00;Escola Betània Patmos- Carrer de Montevideo- Barcelona- Espanya;Jornada 21;"Juvenil ""B""";;07. Juvenil;Fútbol sala
;;C.E. Maristes De Rubí Aleví B;10 - 1;A.E. Centelles Aleví;DAVID VALIENTE MARTIN;26/05/2018;11:00;Pavello Maristes de Rubi- magallanes 65 Rubi;Jornada 21;"Aleví ""A""";;10. Aleví;Fútbol sala
;;"Olimpic Argentona Aleví ""A""";9 - 3;A.E. Moià Aleví;MARI CARMEN DELGADO MORALES;26/05/2018;11:00;Pavelló Municipal d' Argentona;Jornada 21;"Aleví ""A""";;10. Aleví;Fútbol sala
;;"Escola de Futsal Grèvol Cadet ""B""";6 - 3;Montsant Sala 5 Cadet;JOEL JIMENEZ RODRIGUEZ;26/05/2018;11:15;Pavelló Grèvol- Carrer Provençals- 9 Barcelona;Jornada 21;"Cadet ""B""";;08. Cadet;Fútbol sala
;;A.E. Moià Juvenil;0 - 0;Olimpic Argentona Juvenil;JORDI GAITX PLA;26/05/2018;12:00;Pavelló Municipal d'Esports- Moià- Espanya;Jornada 21;"Juvenil ""A""";;07. Juvenil;Fútbol sala
;;C.C.A. Plaza Macael Juvenil;2 - 5;Athletic Torre Roja Juvenil;JOAN GIBERT REY;26/05/2018;12:00;Polideportivo Can Vidalet- Esplugues de Llobregat- Espanya;Jornada 21;"Juvenil ""B""";;07. Juvenil;Fútbol sala
;;C.E. Gadex Juvenil;8 - 0;A.E. Sallent Juvenil;DAVID VALIENTE MARTIN;26/05/2018;13:00;Poliesportiu Municipal Olimpia Carrer de Mauritània- 17- 08206 Sabadell- España;Jornada 21;"Juvenil ""A""";;07. Juvenil;Fútbol sala
;;"Padre Damián Sagrados Corazones ""C""";4 - 3;Futbol Sala Colomense;JOAN RAMON BERNARDO MAÑÉ;26/05/2018;13:00;Poliesportiu Padre Damián Sagrados Corazones;Jornada 28;2a. Territorial A;;04. 2ª Territorial 2017-2018;Fútbol sala
;;A.E. Sallent Aleví;5 - 2;C.E. Maristes De Rubí Aleví A;RICARD MARQUEZ SIMONI;26/05/2018;13:30;Pavelló D'esports Agustín Rueda de Sallent- C/verge del Pilar s/n;Jornada 21;"Aleví ""A""";;10. Aleví;Fútbol sala
;;"Futbol Sala Corbera Cadet ""B""";3 - 3;C.E. Maristes De Rubí Cadet;JOAN GIBERT REY;26/05/2018;14:00;Pabellón Municipal de Deportes- C/Josep Tarradellas- 08757 Corbera de Llobregat;Jornada 21;"Cadet ""B""";;08. Cadet;Fútbol sala
;;Futsal Dante;5 - 3;C.F.S. Clot A;CARLOS GÓMEZ GONZÁLEZ- JOAN RAMON BERNARDO MAÑÉ- NICOLAS ANDRES VALBUENA TORRES;26/05/2018;15:00;pavelló de Parque de la Creueta del Coll- Passeig de la Mare de Déu del Coll- Barcelona- España;Jornada 11;NACIONAL CATALANA 2017-18;;01. Nacional Catalana 2017-2018;Fútbol sala
;;A.C. Coloso Juvenil Nacional;7 - 3;Grup de Joves Can Tusell Juvenil Nacional;ISMAEL BENKHAJOU BAKKALI- OMAR DOUAS BERROHOUY;26/05/2018;16:00;Complex Esportiu Marina Besòs- Sant Adrià de Besòs- Espanya;Jornada 18;Juvenil Nacional;;06. Juvenil Nacional;Fútbol sala
;;Banús Futsal Juvenil Nacional;1 - 6;Jesuïtes Clot Juvenil Nacional;DOMENEC FOLGUERA AMPURDANES- ELVIA ELOISA CARDENAS RAMOS;26/05/2018;16:00;Pavelló Fundación Valldor 7;Jornada 18;Juvenil Nacional;;06. Juvenil Nacional;Fútbol sala
;;C.E. Maristes De Rubí Juvenil;1 - 2;Montsant Sala 5 Juvenil;JOEL JIMENEZ RODRIGUEZ;26/05/2018;16:00;Pavello Maristes de Rubi- magallanes 65 Rubi;Jornada 21;"Juvenil ""B""";;07. Juvenil;Fútbol sala
;;"Futbol Sala Corbera Cadet ""A""";4 - 0;C.f.s. Alcalà Prat - Bar La Terraza Cadet;JOAN GIBERT REY;26/05/2018;16:00;Pabellón Municipal de Deportes- C/Josep Tarradellas- 08757 Corbera de Llobregat;Jornada 21;"Cadet ""A""";;08. Cadet;Fútbol sala
;;"Padre Damián Sagrados Corazones ""B""";0 - 0;CFS Sagrada Familia;JONATHAN GALVIS ARANGO- MARIANO BURGOS BONAVENTURA;26/05/2018;16:00;Poliesportiu Padre Damián Sagrados Corazones;Jornada 25;1a Territorial B;;03. 1a Territorial 2017-2018;Fútbol sala
;;Penya Recreativa Sant Feliu de Llobregat;4 - 2;F.S. La Salut;ALBERTO IGLESIAS PALOMARES- GABRIEL MORALES CAÑAS;26/05/2018;16:00;Pavelló Andrei Xepkin Carrer Mataró- 4- 08980 Sant Feliu de Llobregat- Barcelona;Jornada 25;1a Territorial B;;03. 1a Territorial 2017-2018;Fútbol sala
;;"Gelida Industrial F.S.C. ""A""";6 - 2;C.F.S. Lliça De Vall;JOSE RIZO GOMEZ- MANUEL MALDONADO LOPEZ- MARI CARMEN DELGADO MORALES;26/05/2018;16:15;Pavelló Municipal d'Esports de Gelida;Jornada 25;PRIMERA NACIONAL 2017-18;;02. Primera Nacional 2017-2018;Fútbol sala
;;"F.S. Tèlic Group Bigues i Riells Juvenil ""B""";2 - 5;C.F.S. La Garriga Juvenil A;ANTONIO RUIZ MANCHON;26/05/2018;16:30;Pavellon Can Badell- Avinguda Prat de la Riba- Bigues i Riells- Espanya;Jornada 21;"Juvenil ""B""";;07. Juvenil;Fútbol sala
;;A.C.E. Sansur B;0 - 2;Betis Catalunya F.S.;FRANCISCO JAVIER LORENTE PLANA- MATILDE GOMEZ VIÑARAS;26/05/2018;16:30;Poliesportiu Espanya Industrial;Jornada 25;1a Territorial B;;03. 1a Territorial 2017-2018;Fútbol sala
;;Grup de Joves Can Tusell Cadet;9 - 3;A.E. Sallent Cadet;DAVID VALIENTE MARTIN;26/05/2018;17:00;Pista Pol. De Can Tusell (gespa Artificial);Jornada 21;"Cadet ""A""";;08. Cadet;Fútbol sala
;;F.S. Llinars Atletic Aleví;4 - 5;F.S. Llinars Aleví;BILAL ARROUCHDI;26/05/2018;17:00;Pavelló annex de Llinars del Vallès - Av. Pau Casals- 22-24- 08450 Llinars del Vallès- Barcelona;Jornada 21;"Aleví ""A""";;10. Aleví;Fútbol sala
;;F.S. Racing Llavaneres;3 - 4;Teià Futbol Cinc B;OSCAR KEVIN GUTIERREZ GUTIERREZ- RICARD MARQUEZ SIMONI;26/05/2018;17:00;Poliesportiu De Sant Andreu De Llavaneres;Jornada 25;1a Territorial A;;03. 1a Territorial 2017-2018;Fútbol sala
;;Sagrerenc C.E. B;6 - 0;C.C.A. Plaza Macael B;HERMAN TORTA RECHE- JOSE ANTONIO SABIDO GATO;26/05/2018;17:00;Poliesportiu Municipal La Sagrera - C/Honduras- 2 Barcelona;Jornada 25;1a Territorial B;;03. 1a Territorial 2017-2018;Fútbol sala
;;C.E. Maristes De Rubí;6 - 4;C.e. Gadex;DOMENEC FOLGUERA AMPURDANES- ELVIA ELOISA CARDENAS RAMOS;26/05/2018;17:45;Pavello Maristes de Rubi- magallanes 65 Rubi;Jornada 25;1a Territorial A;;03. 1a Territorial 2017-2018;Fútbol sala
;;A.C.E. Sansur;5 - 3;F.S. Unión Llagostense MecMan;FRANCISCO JAVIER LORENTE PLANA- MARIANO BURGOS BONAVENTURA- MATILDE GOMEZ VIÑARAS;26/05/2018;18:00;Poliesportiu Espanya Industrial;Jornada 25;NACIONAL CATALANA 2017-18;;01. Nacional Catalana 2017-2018;Fútbol sala
;;Betània Patmos Barcelona B;4 - 0;Escola Pia Santa Anna Mataró B;JOAN GIBERT REY- JONATHAN GALVIS ARANGO;26/05/2018;18:00;Pavelló Universitat de Barcelona- Avinguda Diagonal 695-701 Barcelona;Jornada 25;1a Territorial A;;03. 1a Territorial 2017-2018;Fútbol sala
;;F.S. Begues;5 - 4;C.F.S. Clot B;JOAN RAMON BERNARDO MAÑÉ- JOSE PEDRO CASES FERNANDEZ- MARIANO BENITO HERRERO;26/05/2018;18:00;Pavello Jaume Viñas Pi Club de Futbol Begues Carrer dels Esports- s/n 08859 Begues;Jornada 25;PRIMERA NACIONAL 2017-18;;02. Primera Nacional 2017-2018;Fútbol sala
;;A.E.F.S. Montgat;2 - 3;C.f.s. Alcalà Prat - Bar La Terraza;DAVID GALLARDO BARÓ- DAVID GUILLÉN CUELLAR- MARCO ANTONIO GALLARDO BARÓ;26/05/2018;18:00;Pavelló Municipal De Montgat;Jornada 25;PRIMERA NACIONAL 2017-18;;02. Primera Nacional 2017-2018;Fútbol sala
;;A.E. Tiana;1 - 2;Betània Patmos Barcelona;ANTONIO RUIZ MANCHON- DAVID VALIENTE MARTIN- NICOLAS ANDRES VALBUENA TORRES;26/05/2018;18:30;Poliesportiu Municipal De Tiana;Jornada 25;NACIONAL CATALANA 2017-18;;01. Nacional Catalana 2017-2018;Fútbol sala
;;Can Palet FS;4 - 6;"Athletic Arrahona - Can Jonqueres ""A""";ALBERTO IGLESIAS PALOMARES- GABRIEL MORALES CAÑAS;26/05/2018;19:15;Zona Esportiva Municipal Can Jofresa Carrer de Badalona- 4-6 08223 Terrassa;Jornada 24;1a Territorial A;;03. 1a Territorial 2017-2018;Fútbol sala
;;Grup de Joves Can Tusell Juvenil Nacional;0 - 0;Jesuïtes Clot Juvenil Nacional;ALBERTO IGLESIAS PALOMARES- LAUREANO PILAR VILLALBA;27/05/2018;09:00;Poliesportiu Municipal De Sant Llorenç Carrer del Castellsapera- 0- 08221 Terrassa- Barcelona;Jornada 16;Juvenil Nacional;;06. Juvenil Nacional;Fútbol sala
;;Atlètic Sant Boi;3 - 4;Atletic Arrahona B;MARCO ANTONIO GALLARDO BARÓ;27/05/2018;09:30;Colegio Público Josep María Ciurana- Carrer Manuel de Falla- Sant Boi de Llobregat- España;Jornada 28;2a. Territorial A;;04. 2ª Territorial 2017-2018;Fútbol sala
;;Futsal Dante;4 - 5;C.E.F.S. Granollers;JOAN GIBERT REY- JONATHAN GALVIS ARANGO- SAMUEL SERRANO MATA;27/05/2018;10:00;Parc Creueta del Coll- Passeig de la Mare de Déu del Coll- Barcelona- Espanya;Jornada 25;NACIONAL CATALANA 2017-18;;01. Nacional Catalana 2017-2018;Fútbol sala
;;"Orange Futsal Castellbisbal ""B""";5 - 11;F.S Union La Salut Badalona B;DAVID VALIENTE MARTIN;27/05/2018;10:00;Pista Municipal de Castellbisbal- C/agricultura s/n Castellbisbal;Jornada 28;2a. Territorial A;;04. 2ª Territorial 2017-2018;Fútbol sala
;;Grup de Joves Can Tusell Cadet;5 - 3;A.E. Tiana Cadet;DAVID VALIENTE MARTIN;27/05/2018;11:30;Pista Pol. De Can Tusell (gespa Artificial);Jornada 9;"Cadet ""A""";;08. Cadet;Fútbol sala
;;"Montsant Sala 5 ""A""";4 - 1;Sagrerenc C.E. A;JOSE RIZO GOMEZ- MARI CARMEN DELGADO MORALES- MATILDE GOMEZ VIÑARAS;27/05/2018;11:45;Institut Barcelona Congrés- Carrer del Baró d'Esponellà- Barcelona- Espanya;Jornada 25;NACIONAL CATALANA 2017-18;;01. Nacional Catalana 2017-2018;Fútbol sala
;;"Futsal Dante ""B""";4 - 2;C.E.F.S. Granollers C;JONATHAN GALVIS ARANGO- SAMUEL SERRANO MATA;27/05/2018;11:45;Parc Creueta del Coll- Passeig de la Mare de Déu del Coll- Barcelona- Espanya;Jornada 25;1a Territorial B;;03. 1a Territorial 2017-2018;Fútbol sala
;;C.E.F.S. Granollers B;2 - 2;C.D Esmeralda Procell F.s.;HERMAN TORTA RECHE- JOEL JIMENEZ RODRIGUEZ;27/05/2018;12:00;PavellÓ Municipal De Can Bassa;Jornada 25;1a Territorial A;;03. 1a Territorial 2017-2018;Fútbol sala
;;C.E.S. Sabadell;1 - 3;C.e. Gadex B;MARIANO BURGOS BONAVENTURA;27/05/2018;12:00;Complex Esportiu Municipal Sant Oleguer- Camí Can Quadres- Sabadell- Espanya;Jornada 28;2a. Territorial A;;04. 2ª Territorial 2017-2018;Fútbol sala
;;Teià F5 Juvenil Nacional;2 - 3;F.s. Unión Llagostense MecMan Juvenil Nacional;PABLO GARCIA LLUBIA;27/05/2018;12:30;Poliesportiu Municipal El Cim- Carrer Josep Puigoriol s/n- Teià;Jornada 18;Juvenil Nacional;;06. Juvenil Nacional;Fútbol sala
;;C.F.S. La Garriga;5 - 5;C.F.S. Inter Raudovan Hospitalet;ALBERTO IGLESIAS PALOMARES- DAVID GUILLÉN CUELLAR;27/05/2018;12:30;Can Violí- Avinguda 11 de Setembre- s/n- 08530 La Garriga- Barcelona;Jornada 25;1a Territorial A;;03. 1a Territorial 2017-2018;Fútbol sala
;;"Athletic Arrahona - Can Jonqueres ""A""";4 - 3;Olímpic Argentona;MARCO ANTONIO GALLARDO BARÓ- NICOLAS ANDRES VALBUENA TORRES;27/05/2018;13:00;Cem Sud- Carrer de Pardo Bazán- Sabadell- Espanya;Jornada 25;1a Territorial A;;03. 1a Territorial 2017-2018;Fútbol sala
;;Neurofutbol F.S.;3 - 5;Futsal Dante Cadet;GABRIEL MORALES CAÑAS;27/05/2018;14:00;Ciudad Deportiva Fundación Marcet- Av. Can Marcet- 08035 Barcelona;Jornada 21;"Cadet ""B""";;08. Cadet;Fútbol sala
;;F.S. Viladecavalls;3 - 6;Montsant Sala5 B;MARIANO BURGOS BONAVENTURA;27/05/2018;15:00;poliesportiu municipal de viladecavalls;Jornada 28;2a. Territorial A;;04. 2ª Territorial 2017-2018;Fútbol sala
;;Futbol Sala Corbera;5 - 2;Futbolmania F.S.;DAVID GUILLÉN CUELLAR;27/05/2018;16:00;Pabellón Municipal de Deportes- C/Josep Tarradellas- 08757 Corbera de Llobregat;Jornada 26;2a. Territorial A;;04. 2ª Territorial 2017-2018;Fútbol sala
;;F.s. Borges;3 - 3;Padre Damian Sagrados Corazones;DAVID MACARULLA CASTAÑEDA- ELI GASCÓN PEREIRO- JUAN JOSE GONZALEZ PAVON;27/05/2018;17:00;PAVELLO MUNICIPAL DE LES BORGES BLANQUES;Jornada 25;NACIONAL CATALANA 2017-18;;01. Nacional Catalana 2017-2018;Fútbol sala
;;E.F.S. Alta Segarra Juvenil Nacional;6 - 6;AE Empenta - El Pilar Juvenil Nacional;ELI GASCÓN PEREIRO- OSCAR CRUZ OSUNA;27/05/2018;18:00;Pavelló Municipal De Calaf;Jornada 18;Juvenil Nacional;;06. Juvenil Nacional;Fútbol sala
;;CFS Ibers Santa Coloma;3 - 7;Sants Atletic F.S.;ALBERT GONZALEZ GARCIA- MATILDE GOMEZ VIÑARAS;27/05/2018;18:00;Pavelló Esportiu de la Bastida Carrer de Prat de la Riba- s/n 08921 Santa Coloma de Gramenet Barcelona;Jornada 25;1a Territorial B;;03. 1a Territorial 2017-2018;Fútbol sala
;;Betis Catalunya F.S. B;4 - 2;A.E. Tiana B;MARCO ANTONIO GALLARDO BARÓ;27/05/2018;18:30;Poliesportiu Bon Pastor;Jornada 28;2a. Territorial A;;04. 2ª Territorial 2017-2018;Fútbol sala
;;A.E. Les Botigues De Sitges;4 - 4;Escola Pia Santa Anna Mataró;ALBERTO IGLESIAS PALOMARES- DAVID GUILLÉN CUELLAR- GABRIEL MORALES CAÑAS;27/05/2018;19:00;Pavelló Can Roca- Carrer del Castanyer- s/n 08860 Castelldefels- Barcelona;Jornada 25;PRIMERA NACIONAL 2017-18;;02. Primera Nacional 2017-2018;Fútbol sala
;;E.F.S. Alta Segarra;2 - 3;E.F.S. Ripoll;ELI GASCÓN PEREIRO- GERMAN MARTIN FERNANDEZ- OSCAR CRUZ OSUNA;27/05/2018;20:00;Pavelló Municipal De Calaf;Jornada 25;NACIONAL CATALANA 2017-18;;01. Nacional Catalana 2017-2018;Fútbol sala
